[2026-09-03T16:16:25.037+08:00] Getting interface description
[2026-09-03T16:16:25.037+08:00] Interface description end
[2026-09-03T16:16:25.037+08:00] Uploading test info to server
[2026-09-03T16:16:25.045+08:00] UploadTestInfoToServer end
[2026-09-03T16:16:25.045+08:00] will get size
[2026-09-03T16:16:25.048+08:00] size: 1440x713
[2026-09-03T16:16:25.098+08:00] will get screenshot dimensions
[2026-09-03T16:16:25.333+08:00] screenshot dimensions 1440 x 713
[2026-09-03T16:16:25.333+08:00] calculated dpr: 1
[2026-09-03T16:16:25.333+08:00] shrunkShotToLogicalRatio 1
[2026-09-03T16:16:31.304+08:00] Getting interface description
[2026-09-03T16:16:31.304+08:00] Interface description end
[2026-09-03T16:16:31.304+08:00] Uploading test info to server
[2026-09-03T16:16:31.304+08:00] UploadTestInfoToServer end
[2026-09-03T16:16:31.304+08:00] will get size
[2026-09-03T16:16:31.304+08:00] size: 1440x713
[2026-09-03T16:16:31.595+08:00] will get screenshot dimensions
[2026-09-03T16:16:31.597+08:00] screenshot dimensions 1440 x 713
[2026-09-03T16:16:31.597+08:00] calculated dpr: 1
[2026-09-03T16:16:31.597+08:00] shrunkShotToLogicalRatio 1
[2026-09-03T16:16:34.387+08:00] Getting interface description
[2026-09-03T16:16:34.387+08:00] Interface description end
[2026-09-03T16:16:34.387+08:00] Uploading test info to server
[2026-09-03T16:16:34.387+08:00] UploadTestInfoToServer end
[2026-09-03T16:16:34.387+08:00] will get size
[2026-09-03T16:16:34.387+08:00] size: 1440x713
[2026-09-03T16:16:34.426+08:00] will get screenshot dimensions
[2026-09-03T16:16:34.428+08:00] screenshot dimensions 1440 x 713
[2026-09-03T16:16:34.428+08:00] calculated dpr: 1
[2026-09-03T16:16:34.428+08:00] shrunkShotToLogicalRatio 1
[2026-09-03T16:16:35.159+08:00] Getting interface description
[2026-09-03T16:16:35.159+08:00] Interface description end
[2026-09-03T16:16:35.159+08:00] Uploading test info to server
[2026-09-03T16:16:35.159+08:00] UploadTestInfoToServer end
[2026-09-03T16:16:35.159+08:00] will get size
[2026-09-03T16:16:35.159+08:00] size: 1440x713
[2026-09-03T16:16:35.175+08:00] will get screenshot dimensions
[2026-09-03T16:16:35.176+08:00] screenshot dimensions 1440 x 713
[2026-09-03T16:16:35.176+08:00] calculated dpr: 1
[2026-09-03T16:16:35.176+08:00] shrunkShotToLogicalRatio 1
[2026-09-03T16:16:38.552+08:00] Getting interface description
[2026-09-03T16:16:38.552+08:00] Interface description end
[2026-09-03T16:16:38.552+08:00] Uploading test info to server
[2026-09-03T16:16:38.552+08:00] UploadTestInfoToServer end
[2026-09-03T16:16:38.552+08:00] will get size
[2026-09-03T16:16:38.552+08:00] size: 1440x713
[2026-09-03T16:16:38.575+08:00] will get screenshot dimensions
[2026-09-03T16:16:38.576+08:00] screenshot dimensions 1440 x 713
[2026-09-03T16:16:38.576+08:00] calculated dpr: 1
[2026-09-03T16:16:38.576+08:00] shrunkShotToLogicalRatio 1
[2026-09-03T16:17:20.379+08:00] Getting interface description
[2026-09-03T16:17:20.379+08:00] Interface description end
[2026-09-03T16:17:20.379+08:00] Uploading test info to server
[2026-09-03T16:17:20.418+08:00] UploadTestInfoToServer end
[2026-09-03T16:17:20.419+08:00] will get size
[2026-09-03T16:17:20.420+08:00] size: 1440x713
[2026-09-03T16:17:20.455+08:00] will get screenshot dimensions
[2026-09-03T16:17:20.577+08:00] screenshot dimensions 1440 x 713
[2026-09-03T16:17:20.577+08:00] calculated dpr: 1
[2026-09-03T16:17:20.577+08:00] shrunkShotToLogicalRatio 1
[2026-09-03T16:17:24.102+08:00] Getting interface description
[2026-09-03T16:17:24.102+08:00] Interface description end
[2026-09-03T16:17:24.102+08:00] Uploading test info to server
[2026-09-03T16:17:24.102+08:00] UploadTestInfoToServer end
[2026-09-03T16:17:24.102+08:00] will get size
[2026-09-03T16:17:24.102+08:00] size: 1440x713
[2026-09-03T16:17:24.124+08:00] will get screenshot dimensions
[2026-09-03T16:17:24.126+08:00] screenshot dimensions 1440 x 713
[2026-09-03T16:17:24.126+08:00] calculated dpr: 1
[2026-09-03T16:17:24.126+08:00] shrunkShotToLogicalRatio 1
[2026-09-03T16:17:27.197+08:00] Getting interface description
[2026-09-03T16:17:27.197+08:00] Interface description end
[2026-09-03T16:17:27.197+08:00] Uploading test info to server
[2026-09-03T16:17:27.197+08:00] UploadTestInfoToServer end
[2026-09-03T16:17:27.197+08:00] will get size
[2026-09-03T16:17:27.197+08:00] size: 1440x713
[2026-09-03T16:17:27.224+08:00] will get screenshot dimensions
[2026-09-03T16:17:27.225+08:00] screenshot dimensions 1440 x 713
[2026-09-03T16:17:27.225+08:00] calculated dpr: 1
[2026-09-03T16:17:27.225+08:00] shrunkShotToLogicalRatio 1
[2026-09-03T16:17:29.651+08:00] Getting interface description
[2026-09-03T16:17:29.651+08:00] Interface description end
[2026-09-03T16:17:29.651+08:00] Uploading test info to server
[2026-09-03T16:17:29.651+08:00] UploadTestInfoToServer end
[2026-09-03T16:17:29.651+08:00] will get size
[2026-09-03T16:17:29.651+08:00] size: 1440x713
[2026-09-03T16:17:29.674+08:00] will get screenshot dimensions
[2026-09-03T16:17:29.676+08:00] screenshot dimensions 1440 x 713
[2026-09-03T16:17:29.676+08:00] calculated dpr: 1
[2026-09-03T16:17:29.676+08:00] shrunkShotToLogicalRatio 1
[2026-09-03T16:17:31.905+08:00] Getting interface description
[2026-09-03T16:17:31.905+08:00] Interface description end
[2026-09-03T16:17:31.905+08:00] Uploading test info to server
[2026-09-03T16:17:31.905+08:00] UploadTestInfoToServer end
[2026-09-03T16:17:31.905+08:00] will get size
[2026-09-03T16:17:31.905+08:00] size: 1440x713
[2026-09-03T16:17:31.923+08:00] will get screenshot dimensions
[2026-09-03T16:17:31.924+08:00] screenshot dimensions 1440 x 713
[2026-09-03T16:17:31.924+08:00] calculated dpr: 1
[2026-09-03T16:17:31.924+08:00] shrunkShotToLogicalRatio 1
[2026-09-03T16:17:35.694+08:00] Getting interface description
[2026-09-03T16:17:35.694+08:00] Interface description end
[2026-09-03T16:17:35.694+08:00] Uploading test info to server
[2026-09-03T16:17:35.694+08:00] UploadTestInfoToServer end
[2026-09-03T16:17:35.694+08:00] will get size
[2026-09-03T16:17:35.694+08:00] size: 1440x713
[2026-09-03T16:17:35.705+08:00] will get screenshot dimensions
[2026-09-03T16:17:35.707+08:00] screenshot dimensions 1440 x 713
[2026-09-03T16:17:35.707+08:00] calculated dpr: 1
[2026-09-03T16:17:35.707+08:00] shrunkShotToLogicalRatio 1
[2026-09-03T16:18:02.028+08:00] Getting interface description
[2026-09-03T16:18:02.028+08:00] Interface description end
[2026-09-03T16:18:02.028+08:00] Uploading test info to server
[2026-09-03T16:18:02.032+08:00] UploadTestInfoToServer end
[2026-09-03T16:18:02.032+08:00] will get size
[2026-09-03T16:18:02.033+08:00] size: 1440x713
[2026-09-03T16:18:02.077+08:00] will get screenshot dimensions
[2026-09-03T16:18:02.143+08:00] screenshot dimensions 1440 x 713
[2026-09-03T16:18:02.144+08:00] calculated dpr: 1
[2026-09-03T16:18:02.144+08:00] shrunkShotToLogicalRatio 1
[2026-09-03T16:18:05.802+08:00] Getting interface description
[2026-09-03T16:18:05.802+08:00] Interface description end
[2026-09-03T16:18:05.802+08:00] Uploading test info to server
[2026-09-03T16:18:05.802+08:00] UploadTestInfoToServer end
[2026-09-03T16:18:05.802+08:00] will get size
[2026-09-03T16:18:05.802+08:00] size: 1440x713
[2026-09-03T16:18:05.822+08:00] will get screenshot dimensions
[2026-09-03T16:18:05.824+08:00] screenshot dimensions 1440 x 713
[2026-09-03T16:18:05.824+08:00] calculated dpr: 1
[2026-09-03T16:18:05.824+08:00] shrunkShotToLogicalRatio 1
[2026-09-03T16:18:09.030+08:00] Getting interface description
[2026-09-03T16:18:09.030+08:00] Interface description end
[2026-09-03T16:18:09.030+08:00] Uploading test info to server
[2026-09-03T16:18:09.030+08:00] UploadTestInfoToServer end
[2026-09-03T16:18:09.030+08:00] will get size
[2026-09-03T16:18:09.030+08:00] size: 1440x713
[2026-09-03T16:18:09.056+08:00] will get screenshot dimensions
[2026-09-03T16:18:09.057+08:00] screenshot dimensions 1440 x 713
[2026-09-03T16:18:09.057+08:00] calculated dpr: 1
[2026-09-03T16:18:09.057+08:00] shrunkShotToLogicalRatio 1
[2026-09-03T16:18:10.270+08:00] Getting interface description
[2026-09-03T16:18:10.270+08:00] Interface description end
[2026-09-03T16:18:10.270+08:00] Uploading test info to server
[2026-09-03T16:18:10.270+08:00] UploadTestInfoToServer end
[2026-09-03T16:18:10.270+08:00] will get size
[2026-09-03T16:18:10.270+08:00] size: 1440x713
[2026-09-03T16:18:10.291+08:00] will get screenshot dimensions
[2026-09-03T16:18:10.292+08:00] screenshot dimensions 1440 x 713
[2026-09-03T16:18:10.292+08:00] calculated dpr: 1
[2026-09-03T16:18:10.292+08:00] shrunkShotToLogicalRatio 1
[2026-09-03T16:18:14.553+08:00] Getting interface description
[2026-09-03T16:18:14.553+08:00] Interface description end
[2026-09-03T16:18:14.553+08:00] Uploading test info to server
[2026-09-03T16:18:14.553+08:00] UploadTestInfoToServer end
[2026-09-03T16:18:14.553+08:00] will get size
[2026-09-03T16:18:14.553+08:00] size: 1440x713
[2026-09-03T16:18:14.583+08:00] will get screenshot dimensions
[2026-09-03T16:18:14.593+08:00] screenshot dimensions 1440 x 713
[2026-09-03T16:18:14.593+08:00] calculated dpr: 1
[2026-09-03T16:18:14.593+08:00] shrunkShotToLogicalRatio 1
[2026-09-03T16:18:59.128+08:00] Getting interface description
[2026-09-03T16:18:59.128+08:00] Interface description end
[2026-09-03T16:18:59.128+08:00] Uploading test info to server
[2026-09-03T16:18:59.134+08:00] UploadTestInfoToServer end
[2026-09-03T16:18:59.134+08:00] will get size
[2026-09-03T16:18:59.135+08:00] size: 1440x713
[2026-09-03T16:18:59.161+08:00] will get screenshot dimensions
[2026-09-03T16:18:59.242+08:00] screenshot dimensions 1440 x 713
[2026-09-03T16:18:59.242+08:00] calculated dpr: 1
[2026-09-03T16:18:59.242+08:00] shrunkShotToLogicalRatio 1
[2026-09-03T16:19:03.816+08:00] Getting interface description
[2026-09-03T16:19:03.816+08:00] Interface description end
[2026-09-03T16:19:03.816+08:00] Uploading test info to server
[2026-09-03T16:19:03.816+08:00] UploadTestInfoToServer end
[2026-09-03T16:19:03.816+08:00] will get size
[2026-09-03T16:19:03.817+08:00] size: 1440x713
[2026-09-03T16:19:03.839+08:00] will get screenshot dimensions
[2026-09-03T16:19:03.840+08:00] screenshot dimensions 1440 x 713
[2026-09-03T16:19:03.840+08:00] calculated dpr: 1
[2026-09-03T16:19:03.840+08:00] shrunkShotToLogicalRatio 1
[2026-09-03T16:19:07.515+08:00] Getting interface description
[2026-09-03T16:19:07.515+08:00] Interface description end
[2026-09-03T16:19:07.515+08:00] Uploading test info to server
[2026-09-03T16:19:07.515+08:00] UploadTestInfoToServer end
[2026-09-03T16:19:07.515+08:00] will get size
[2026-09-03T16:19:07.515+08:00] size: 1440x713
[2026-09-03T16:19:07.539+08:00] will get screenshot dimensions
[2026-09-03T16:19:07.540+08:00] screenshot dimensions 1440 x 713
[2026-09-03T16:19:07.540+08:00] calculated dpr: 1
[2026-09-03T16:19:07.540+08:00] shrunkShotToLogicalRatio 1
[2026-09-03T16:19:08.254+08:00] Getting interface description
[2026-09-03T16:19:08.254+08:00] Interface description end
[2026-09-03T16:19:08.254+08:00] Uploading test info to server
[2026-09-03T16:19:08.254+08:00] UploadTestInfoToServer end
[2026-09-03T16:19:08.254+08:00] will get size
[2026-09-03T16:19:08.254+08:00] size: 1440x713
[2026-09-03T16:19:08.273+08:00] will get screenshot dimensions
[2026-09-03T16:19:08.274+08:00] screenshot dimensions 1440 x 713
[2026-09-03T16:19:08.274+08:00] calculated dpr: 1
[2026-09-03T16:19:08.274+08:00] shrunkShotToLogicalRatio 1
[2026-09-03T16:19:11.642+08:00] Getting interface description
[2026-09-03T16:19:11.642+08:00] Interface description end
[2026-09-03T16:19:11.642+08:00] Uploading test info to server
[2026-09-03T16:19:11.642+08:00] UploadTestInfoToServer end
[2026-09-03T16:19:11.642+08:00] will get size
[2026-09-03T16:19:11.642+08:00] size: 1440x713
[2026-09-03T16:19:11.658+08:00] will get screenshot dimensions
[2026-09-03T16:19:11.660+08:00] screenshot dimensions 1440 x 713
[2026-09-03T16:19:11.660+08:00] calculated dpr: 1
[2026-09-03T16:19:11.660+08:00] shrunkShotToLogicalRatio 1
[2026-09-03T16:19:14.863+08:00] Getting interface description
[2026-09-03T16:19:14.863+08:00] Interface description end
[2026-09-03T16:19:14.863+08:00] Uploading test info to server
[2026-09-03T16:19:14.863+08:00] UploadTestInfoToServer end
[2026-09-03T16:19:14.863+08:00] will get size
[2026-09-03T16:19:14.863+08:00] size: 1440x713
[2026-09-03T16:19:14.890+08:00] will get screenshot dimensions
[2026-09-03T16:19:14.891+08:00] screenshot dimensions 1440 x 713
[2026-09-03T16:19:14.891+08:00] calculated dpr: 1
[2026-09-03T16:19:14.891+08:00] shrunkShotToLogicalRatio 1
[2026-09-03T16:19:15.604+08:00] Getting interface description
[2026-09-03T16:19:15.604+08:00] Interface description end
[2026-09-03T16:19:15.604+08:00] Uploading test info to server
[2026-09-03T16:19:15.604+08:00] UploadTestInfoToServer end
[2026-09-03T16:19:15.604+08:00] will get size
[2026-09-03T16:19:15.605+08:00] size: 1440x713
[2026-09-03T16:19:15.622+08:00] will get screenshot dimensions
[2026-09-03T16:19:15.624+08:00] screenshot dimensions 1440 x 713
[2026-09-03T16:19:15.624+08:00] calculated dpr: 1
[2026-09-03T16:19:15.624+08:00] shrunkShotToLogicalRatio 1
[2026-09-03T16:19:20.143+08:00] Getting interface description
[2026-09-03T16:19:20.143+08:00] Interface description end
[2026-09-03T16:19:20.143+08:00] Uploading test info to server
[2026-09-03T16:19:20.143+08:00] UploadTestInfoToServer end
[2026-09-03T16:19:20.143+08:00] will get size
[2026-09-03T16:19:20.143+08:00] size: 1440x713
[2026-09-03T16:19:20.539+08:00] will get screenshot dimensions
[2026-09-03T16:19:20.542+08:00] screenshot dimensions 1440 x 713
[2026-09-03T16:19:20.542+08:00] calculated dpr: 1
[2026-09-03T16:19:20.542+08:00] shrunkShotToLogicalRatio 1
[2026-09-03T16:19:23.275+08:00] Getting interface description
[2026-09-03T16:19:23.275+08:00] Interface description end
[2026-09-03T16:19:23.275+08:00] Uploading test info to server
[2026-09-03T16:19:23.275+08:00] UploadTestInfoToServer end
[2026-09-03T16:19:23.275+08:00] will get size
[2026-09-03T16:19:23.275+08:00] size: 1440x713
[2026-09-03T16:19:23.323+08:00] will get screenshot dimensions
[2026-09-03T16:19:23.325+08:00] screenshot dimensions 1440 x 713
[2026-09-03T16:19:23.325+08:00] calculated dpr: 1
[2026-09-03T16:19:23.325+08:00] shrunkShotToLogicalRatio 1
[2026-09-03T16:19:24.188+08:00] Getting interface description
[2026-09-03T16:19:24.188+08:00] Interface description end
[2026-09-03T16:19:24.188+08:00] Uploading test info to server
[2026-09-03T16:19:24.188+08:00] UploadTestInfoToServer end
[2026-09-03T16:19:24.188+08:00] will get size
[2026-09-03T16:19:24.188+08:00] size: 1440x713
[2026-09-03T16:19:24.207+08:00] will get screenshot dimensions
[2026-09-03T16:19:24.209+08:00] screenshot dimensions 1440 x 713
[2026-09-03T16:19:24.209+08:00] calculated dpr: 1
[2026-09-03T16:19:24.209+08:00] shrunkShotToLogicalRatio 1
[2026-09-03T16:19:28.109+08:00] Getting interface description
[2026-09-03T16:19:28.109+08:00] Interface description end
[2026-09-03T16:19:28.109+08:00] Uploading test info to server
[2026-09-03T16:19:28.109+08:00] UploadTestInfoToServer end
[2026-09-03T16:19:28.109+08:00] will get size
[2026-09-03T16:19:28.109+08:00] size: 1440x713
[2026-09-03T16:19:28.139+08:00] will get screenshot dimensions
[2026-09-03T16:19:28.141+08:00] screenshot dimensions 1440 x 713
[2026-09-03T16:19:28.141+08:00] calculated dpr: 1
[2026-09-03T16:19:28.141+08:00] shrunkShotToLogicalRatio 1
[2026-09-03T16:19:32.000+08:00] Getting interface description
[2026-09-03T16:19:32.000+08:00] Interface description end
[2026-09-03T16:19:32.000+08:00] Uploading test info to server
[2026-09-03T16:19:32.000+08:00] UploadTestInfoToServer end
[2026-09-03T16:19:32.000+08:00] will get size
[2026-09-03T16:19:32.000+08:00] size: 1440x713
[2026-09-03T16:19:32.022+08:00] will get screenshot dimensions
[2026-09-03T16:19:32.024+08:00] screenshot dimensions 1440 x 713
[2026-09-03T16:19:32.024+08:00] calculated dpr: 1
[2026-09-03T16:19:32.024+08:00] shrunkShotToLogicalRatio 1
[2026-09-03T16:19:32.737+08:00] Getting interface description
[2026-09-03T16:19:32.737+08:00] Interface description end
[2026-09-03T16:19:32.737+08:00] Uploading test info to server
[2026-09-03T16:19:32.737+08:00] UploadTestInfoToServer end
[2026-09-03T16:19:32.737+08:00] will get size
[2026-09-03T16:19:32.737+08:00] size: 1440x713
[2026-09-03T16:19:32.755+08:00] will get screenshot dimensions
[2026-09-03T16:19:32.756+08:00] screenshot dimensions 1440 x 713
[2026-09-03T16:19:32.756+08:00] calculated dpr: 1
[2026-09-03T16:19:32.756+08:00] shrunkShotToLogicalRatio 1
[2026-09-03T16:19:37.781+08:00] Getting interface description
[2026-09-03T16:19:37.781+08:00] Interface description end
[2026-09-03T16:19:37.781+08:00] Uploading test info to server
[2026-09-03T16:19:37.781+08:00] UploadTestInfoToServer end
[2026-09-03T16:19:37.781+08:00] will get size
[2026-09-03T16:19:37.781+08:00] size: 1440x713
[2026-09-03T16:19:37.808+08:00] will get screenshot dimensions
[2026-09-03T16:19:37.809+08:00] screenshot dimensions 1440 x 713
[2026-09-03T16:19:37.809+08:00] calculated dpr: 1
[2026-09-03T16:19:37.810+08:00] shrunkShotToLogicalRatio 1
[2026-09-03T16:20:36.034+08:00] Getting interface description
[2026-09-03T16:20:36.034+08:00] Interface description end
[2026-09-03T16:20:36.034+08:00] Uploading test info to server
[2026-09-03T16:20:36.041+08:00] UploadTestInfoToServer end
[2026-09-03T16:20:36.041+08:00] will get size
[2026-09-03T16:20:36.042+08:00] size: 1440x713
[2026-09-03T16:20:36.092+08:00] will get screenshot dimensions
[2026-09-03T16:20:36.310+08:00] screenshot dimensions 1440 x 713
[2026-09-03T16:20:36.310+08:00] calculated dpr: 1
[2026-09-03T16:20:36.310+08:00] shrunkShotToLogicalRatio 1
[2026-09-03T16:20:40.319+08:00] Getting interface description
[2026-09-03T16:20:40.320+08:00] Interface description end
[2026-09-03T16:20:40.320+08:00] Uploading test info to server
[2026-09-03T16:20:40.320+08:00] UploadTestInfoToServer end
[2026-09-03T16:20:40.320+08:00] will get size
[2026-09-03T16:20:40.320+08:00] size: 1440x713
[2026-09-03T16:20:40.370+08:00] will get screenshot dimensions
[2026-09-03T16:20:40.373+08:00] screenshot dimensions 1440 x 713
[2026-09-03T16:20:40.373+08:00] calculated dpr: 1
[2026-09-03T16:20:40.373+08:00] shrunkShotToLogicalRatio 1
[2026-09-03T16:20:43.274+08:00] Getting interface description
[2026-09-03T16:20:43.274+08:00] Interface description end
[2026-09-03T16:20:43.274+08:00] Uploading test info to server
[2026-09-03T16:20:43.274+08:00] UploadTestInfoToServer end
[2026-09-03T16:20:43.274+08:00] will get size
[2026-09-03T16:20:43.274+08:00] size: 1440x713
[2026-09-03T16:20:43.303+08:00] will get screenshot dimensions
[2026-09-03T16:20:43.305+08:00] screenshot dimensions 1440 x 713
[2026-09-03T16:20:43.305+08:00] calculated dpr: 1
[2026-09-03T16:20:43.305+08:00] shrunkShotToLogicalRatio 1
[2026-09-03T16:20:44.534+08:00] Getting interface description
[2026-09-03T16:20:44.534+08:00] Interface description end
[2026-09-03T16:20:44.534+08:00] Uploading test info to server
[2026-09-03T16:20:44.534+08:00] UploadTestInfoToServer end
[2026-09-03T16:20:44.534+08:00] will get size
[2026-09-03T16:20:44.534+08:00] size: 1440x713
[2026-09-03T16:20:44.553+08:00] will get screenshot dimensions
[2026-09-03T16:20:44.554+08:00] screenshot dimensions 1440 x 713
[2026-09-03T16:20:44.554+08:00] calculated dpr: 1
[2026-09-03T16:20:44.554+08:00] shrunkShotToLogicalRatio 1
[2026-09-03T16:20:48.407+08:00] Getting interface description
[2026-09-03T16:20:48.407+08:00] Interface description end
[2026-09-03T16:20:48.407+08:00] Uploading test info to server
[2026-09-03T16:20:48.407+08:00] UploadTestInfoToServer end
[2026-09-03T16:20:48.407+08:00] will get size
[2026-09-03T16:20:48.407+08:00] size: 1440x713
[2026-09-03T16:20:48.419+08:00] will get screenshot dimensions
[2026-09-03T16:20:48.420+08:00] screenshot dimensions 1440 x 713
[2026-09-03T16:20:48.420+08:00] calculated dpr: 1
[2026-09-03T16:20:48.420+08:00] shrunkShotToLogicalRatio 1
[2026-09-03T16:21:07.653+08:00] Getting interface description
[2026-09-03T16:21:07.653+08:00] Interface description end
[2026-09-03T16:21:07.653+08:00] Uploading test info to server
[2026-09-03T16:21:07.657+08:00] UploadTestInfoToServer end
[2026-09-03T16:21:07.657+08:00] will get size
[2026-09-03T16:21:07.658+08:00] size: 1440x713
[2026-09-03T16:21:07.699+08:00] will get screenshot dimensions
[2026-09-03T16:21:07.746+08:00] screenshot dimensions 1440 x 713
[2026-09-03T16:21:07.746+08:00] calculated dpr: 1
[2026-09-03T16:21:07.747+08:00] shrunkShotToLogicalRatio 1
[2026-09-03T16:21:11.992+08:00] Getting interface description
[2026-09-03T16:21:11.992+08:00] Interface description end
[2026-09-03T16:21:11.992+08:00] Uploading test info to server
[2026-09-03T16:21:11.992+08:00] UploadTestInfoToServer end
[2026-09-03T16:21:11.992+08:00] will get size
[2026-09-03T16:21:11.992+08:00] size: 1440x713
[2026-09-03T16:21:12.019+08:00] will get screenshot dimensions
[2026-09-03T16:21:12.021+08:00] screenshot dimensions 1440 x 713
[2026-09-03T16:21:12.021+08:00] calculated dpr: 1
[2026-09-03T16:21:12.021+08:00] shrunkShotToLogicalRatio 1
[2026-09-03T16:21:15.410+08:00] Getting interface description
[2026-09-03T16:21:15.410+08:00] Interface description end
[2026-09-03T16:21:15.410+08:00] Uploading test info to server
[2026-09-03T16:21:15.410+08:00] UploadTestInfoToServer end
[2026-09-03T16:21:15.410+08:00] will get size
[2026-09-03T16:21:15.410+08:00] size: 1440x713
[2026-09-03T16:21:15.435+08:00] will get screenshot dimensions
[2026-09-03T16:21:15.436+08:00] screenshot dimensions 1440 x 713
[2026-09-03T16:21:15.436+08:00] calculated dpr: 1
[2026-09-03T16:21:15.436+08:00] shrunkShotToLogicalRatio 1
[2026-09-03T16:21:16.151+08:00] Getting interface description
[2026-09-03T16:21:16.151+08:00] Interface description end
[2026-09-03T16:21:16.151+08:00] Uploading test info to server
[2026-09-03T16:21:16.151+08:00] UploadTestInfoToServer end
[2026-09-03T16:21:16.151+08:00] will get size
[2026-09-03T16:21:16.151+08:00] size: 1440x713
[2026-09-03T16:21:16.168+08:00] will get screenshot dimensions
[2026-09-03T16:21:16.169+08:00] screenshot dimensions 1440 x 713
[2026-09-03T16:21:16.169+08:00] calculated dpr: 1
[2026-09-03T16:21:16.169+08:00] shrunkShotToLogicalRatio 1
[2026-09-03T16:21:19.935+08:00] Getting interface description
[2026-09-03T16:21:19.935+08:00] Interface description end
[2026-09-03T16:21:19.935+08:00] Uploading test info to server
[2026-09-03T16:21:19.935+08:00] UploadTestInfoToServer end
[2026-09-03T16:21:19.935+08:00] will get size
[2026-09-03T16:21:19.935+08:00] size: 1440x713
[2026-09-03T16:21:19.952+08:00] will get screenshot dimensions
[2026-09-03T16:21:19.954+08:00] screenshot dimensions 1440 x 713
[2026-09-03T16:21:19.954+08:00] calculated dpr: 1
[2026-09-03T16:21:19.954+08:00] shrunkShotToLogicalRatio 1
[2026-09-03T16:21:22.870+08:00] Getting interface description
[2026-09-03T16:21:22.870+08:00] Interface description end
[2026-09-03T16:21:22.870+08:00] Uploading test info to server
[2026-09-03T16:21:22.870+08:00] UploadTestInfoToServer end
[2026-09-03T16:21:22.870+08:00] will get size
[2026-09-03T16:21:22.870+08:00] size: 1440x713
[2026-09-03T16:21:22.900+08:00] will get screenshot dimensions
[2026-09-03T16:21:22.901+08:00] screenshot dimensions 1440 x 713
[2026-09-03T16:21:22.901+08:00] calculated dpr: 1
[2026-09-03T16:21:22.901+08:00] shrunkShotToLogicalRatio 1
[2026-09-03T16:21:23.608+08:00] Getting interface description
[2026-09-03T16:21:23.608+08:00] Interface description end
[2026-09-03T16:21:23.608+08:00] Uploading test info to server
[2026-09-03T16:21:23.608+08:00] UploadTestInfoToServer end
[2026-09-03T16:21:23.609+08:00] will get size
[2026-09-03T16:21:23.609+08:00] size: 1440x713
[2026-09-03T16:21:23.636+08:00] will get screenshot dimensions
[2026-09-03T16:21:23.638+08:00] screenshot dimensions 1440 x 713
[2026-09-03T16:21:23.638+08:00] calculated dpr: 1
[2026-09-03T16:21:23.638+08:00] shrunkShotToLogicalRatio 1
[2026-09-03T16:21:27.365+08:00] Getting interface description
[2026-09-03T16:21:27.365+08:00] Interface description end
[2026-09-03T16:21:27.365+08:00] Uploading test info to server
[2026-09-03T16:21:27.365+08:00] UploadTestInfoToServer end
[2026-09-03T16:21:27.365+08:00] will get size
[2026-09-03T16:21:27.365+08:00] size: 1440x713
[2026-09-03T16:21:27.386+08:00] will get screenshot dimensions
[2026-09-03T16:21:27.388+08:00] screenshot dimensions 1440 x 713
[2026-09-03T16:21:27.388+08:00] calculated dpr: 1
[2026-09-03T16:21:27.388+08:00] shrunkShotToLogicalRatio 1
[2026-09-03T16:21:30.474+08:00] Getting interface description
[2026-09-03T16:21:30.474+08:00] Interface description end
[2026-09-03T16:21:30.474+08:00] Uploading test info to server
[2026-09-03T16:21:30.474+08:00] UploadTestInfoToServer end
[2026-09-03T16:21:30.474+08:00] will get size
[2026-09-03T16:21:30.474+08:00] size: 1440x713
[2026-09-03T16:21:30.502+08:00] will get screenshot dimensions
[2026-09-03T16:21:30.503+08:00] screenshot dimensions 1440 x 713
[2026-09-03T16:21:30.503+08:00] calculated dpr: 1
[2026-09-03T16:21:30.503+08:00] shrunkShotToLogicalRatio 1
[2026-09-03T16:21:31.211+08:00] Getting interface description
[2026-09-03T16:21:31.211+08:00] Interface description end
[2026-09-03T16:21:31.211+08:00] Uploading test info to server
[2026-09-03T16:21:31.211+08:00] UploadTestInfoToServer end
[2026-09-03T16:21:31.211+08:00] will get size
[2026-09-03T16:21:31.211+08:00] size: 1440x713
[2026-09-03T16:21:31.235+08:00] will get screenshot dimensions
[2026-09-03T16:21:31.236+08:00] screenshot dimensions 1440 x 713
[2026-09-03T16:21:31.236+08:00] calculated dpr: 1
[2026-09-03T16:21:31.236+08:00] shrunkShotToLogicalRatio 1
[2026-09-03T16:21:34.287+08:00] Getting interface description
[2026-09-03T16:21:34.287+08:00] Interface description end
[2026-09-03T16:21:34.287+08:00] Uploading test info to server
[2026-09-03T16:21:34.287+08:00] UploadTestInfoToServer end
[2026-09-03T16:21:34.287+08:00] will get size
[2026-09-03T16:21:34.287+08:00] size: 1440x713
[2026-09-03T16:21:34.301+08:00] will get screenshot dimensions
[2026-09-03T16:21:34.303+08:00] screenshot dimensions 1440 x 713
[2026-09-03T16:21:34.303+08:00] calculated dpr: 1
[2026-09-03T16:21:34.303+08:00] shrunkShotToLogicalRatio 1
[2026-09-03T16:22:00.120+08:00] Getting interface description
[2026-09-03T16:22:00.120+08:00] Interface description end
[2026-09-03T16:22:00.120+08:00] Uploading test info to server
[2026-09-03T16:22:00.125+08:00] UploadTestInfoToServer end
[2026-09-03T16:22:00.125+08:00] will get size
[2026-09-03T16:22:00.126+08:00] size: 1440x713
[2026-09-03T16:22:00.175+08:00] will get screenshot dimensions
[2026-09-03T16:22:00.222+08:00] screenshot dimensions 1440 x 713
[2026-09-03T16:22:00.222+08:00] calculated dpr: 1
[2026-09-03T16:22:00.222+08:00] shrunkShotToLogicalRatio 1
[2026-09-03T16:22:04.811+08:00] Getting interface description
[2026-09-03T16:22:04.811+08:00] Interface description end
[2026-09-03T16:22:04.811+08:00] Uploading test info to server
[2026-09-03T16:22:04.811+08:00] UploadTestInfoToServer end
[2026-09-03T16:22:04.811+08:00] will get size
[2026-09-03T16:22:04.811+08:00] size: 1440x713
[2026-09-03T16:22:04.837+08:00] will get screenshot dimensions
[2026-09-03T16:22:04.838+08:00] screenshot dimensions 1440 x 713
[2026-09-03T16:22:04.838+08:00] calculated dpr: 1
[2026-09-03T16:22:04.838+08:00] shrunkShotToLogicalRatio 1
[2026-09-03T16:22:07.689+08:00] Getting interface description
[2026-09-03T16:22:07.689+08:00] Interface description end
[2026-09-03T16:22:07.689+08:00] Uploading test info to server
[2026-09-03T16:22:07.689+08:00] UploadTestInfoToServer end
[2026-09-03T16:22:07.689+08:00] will get size
[2026-09-03T16:22:07.689+08:00] size: 1440x713
[2026-09-03T16:22:07.718+08:00] will get screenshot dimensions
[2026-09-03T16:22:07.720+08:00] screenshot dimensions 1440 x 713
[2026-09-03T16:22:07.720+08:00] calculated dpr: 1
[2026-09-03T16:22:07.720+08:00] shrunkShotToLogicalRatio 1
[2026-09-03T16:22:08.949+08:00] Getting interface description
[2026-09-03T16:22:08.949+08:00] Interface description end
[2026-09-03T16:22:08.949+08:00] Uploading test info to server
[2026-09-03T16:22:08.949+08:00] UploadTestInfoToServer end
[2026-09-03T16:22:08.949+08:00] will get size
[2026-09-03T16:22:08.949+08:00] size: 1440x713
[2026-09-03T16:22:08.967+08:00] will get screenshot dimensions
[2026-09-03T16:22:08.968+08:00] screenshot dimensions 1440 x 713
[2026-09-03T16:22:08.968+08:00] calculated dpr: 1
[2026-09-03T16:22:08.968+08:00] shrunkShotToLogicalRatio 1
[2026-09-03T16:22:12.389+08:00] Getting interface description
[2026-09-03T16:22:12.389+08:00] Interface description end
[2026-09-03T16:22:12.389+08:00] Uploading test info to server
[2026-09-03T16:22:12.389+08:00] UploadTestInfoToServer end
[2026-09-03T16:22:12.389+08:00] will get size
[2026-09-03T16:22:12.389+08:00] size: 1440x713
[2026-09-03T16:22:12.418+08:00] will get screenshot dimensions
[2026-09-03T16:22:12.419+08:00] screenshot dimensions 1440 x 713
[2026-09-03T16:22:12.419+08:00] calculated dpr: 1
[2026-09-03T16:22:12.419+08:00] shrunkShotToLogicalRatio 1
[2026-09-03T16:22:37.465+08:00] Getting interface description
[2026-09-03T16:22:37.465+08:00] Interface description end
[2026-09-03T16:22:37.465+08:00] Uploading test info to server
[2026-09-03T16:22:37.469+08:00] UploadTestInfoToServer end
[2026-09-03T16:22:37.469+08:00] will get size
[2026-09-03T16:22:37.470+08:00] size: 1440x713
[2026-09-03T16:22:37.512+08:00] will get screenshot dimensions
[2026-09-03T16:22:37.573+08:00] screenshot dimensions 1440 x 713
[2026-09-03T16:22:37.573+08:00] calculated dpr: 1
[2026-09-03T16:22:37.573+08:00] shrunkShotToLogicalRatio 1
[2026-09-03T16:22:41.626+08:00] Getting interface description
[2026-09-03T16:22:41.626+08:00] Interface description end
[2026-09-03T16:22:41.626+08:00] Uploading test info to server
[2026-09-03T16:22:41.626+08:00] UploadTestInfoToServer end
[2026-09-03T16:22:41.626+08:00] will get size
[2026-09-03T16:22:41.626+08:00] size: 1440x713
[2026-09-03T16:22:41.649+08:00] will get screenshot dimensions
[2026-09-03T16:22:41.651+08:00] screenshot dimensions 1440 x 713
[2026-09-03T16:22:41.651+08:00] calculated dpr: 1
[2026-09-03T16:22:41.651+08:00] shrunkShotToLogicalRatio 1
[2026-09-03T16:22:42.396+08:00] Getting interface description
[2026-09-03T16:22:42.396+08:00] Interface description end
[2026-09-03T16:22:42.396+08:00] Uploading test info to server
[2026-09-03T16:22:42.396+08:00] UploadTestInfoToServer end
[2026-09-03T16:22:42.396+08:00] will get size
[2026-09-03T16:22:42.396+08:00] size: 1440x713
[2026-09-03T16:22:42.454+08:00] will get screenshot dimensions
[2026-09-03T16:22:42.454+08:00] screenshot dimensions 1440 x 713
[2026-09-03T16:22:42.454+08:00] calculated dpr: 1
[2026-09-03T16:22:42.454+08:00] shrunkShotToLogicalRatio 1
[2026-09-03T16:22:47.463+08:00] Getting interface description
[2026-09-03T16:22:47.463+08:00] Interface description end
[2026-09-03T16:22:47.463+08:00] Uploading test info to server
[2026-09-03T16:22:47.463+08:00] UploadTestInfoToServer end
[2026-09-03T16:22:47.463+08:00] will get size
[2026-09-03T16:22:47.463+08:00] size: 1440x713
[2026-09-03T16:22:47.486+08:00] will get screenshot dimensions
[2026-09-03T16:22:47.488+08:00] screenshot dimensions 1440 x 713
[2026-09-03T16:22:47.488+08:00] calculated dpr: 1
[2026-09-03T16:22:47.488+08:00] shrunkShotToLogicalRatio 1
[2026-09-03T16:22:48.697+08:00] Getting interface description
[2026-09-03T16:22:48.697+08:00] Interface description end
[2026-09-03T16:22:48.697+08:00] Uploading test info to server
[2026-09-03T16:22:48.697+08:00] UploadTestInfoToServer end
[2026-09-03T16:22:48.697+08:00] will get size
[2026-09-03T16:22:48.697+08:00] size: 1440x713
[2026-09-03T16:22:48.718+08:00] will get screenshot dimensions
[2026-09-03T16:22:48.719+08:00] screenshot dimensions 1440 x 713
[2026-09-03T16:22:48.719+08:00] calculated dpr: 1
[2026-09-03T16:22:48.719+08:00] shrunkShotToLogicalRatio 1
[2026-09-03T16:22:54.815+08:00] Getting interface description
[2026-09-03T16:22:54.815+08:00] Interface description end
[2026-09-03T16:22:54.815+08:00] Uploading test info to server
[2026-09-03T16:22:54.815+08:00] UploadTestInfoToServer end
[2026-09-03T16:22:54.815+08:00] will get size
[2026-09-03T16:22:54.815+08:00] size: 1440x713
[2026-09-03T16:22:54.834+08:00] will get screenshot dimensions
[2026-09-03T16:22:54.835+08:00] screenshot dimensions 1440 x 713
[2026-09-03T16:22:54.835+08:00] calculated dpr: 1
[2026-09-03T16:22:54.835+08:00] shrunkShotToLogicalRatio 1
[2026-09-03T16:22:56.049+08:00] Getting interface description
[2026-09-03T16:22:56.050+08:00] Interface description end
[2026-09-03T16:22:56.050+08:00] Uploading test info to server
[2026-09-03T16:22:56.050+08:00] UploadTestInfoToServer end
[2026-09-03T16:22:56.050+08:00] will get size
[2026-09-03T16:22:56.050+08:00] size: 1440x713
[2026-09-03T16:22:56.066+08:00] will get screenshot dimensions
[2026-09-03T16:22:56.067+08:00] screenshot dimensions 1440 x 713
[2026-09-03T16:22:56.068+08:00] calculated dpr: 1
[2026-09-03T16:22:56.068+08:00] shrunkShotToLogicalRatio 1
[2026-09-03T16:23:00.304+08:00] Getting interface description
[2026-09-03T16:23:00.304+08:00] Interface description end
[2026-09-03T16:23:00.305+08:00] Uploading test info to server
[2026-09-03T16:23:00.305+08:00] UploadTestInfoToServer end
[2026-09-03T16:23:00.305+08:00] will get size
[2026-09-03T16:23:00.305+08:00] size: 1440x713
[2026-09-03T16:23:00.315+08:00] will get screenshot dimensions
[2026-09-03T16:23:00.317+08:00] screenshot dimensions 1440 x 713
[2026-09-03T16:23:00.317+08:00] calculated dpr: 1
[2026-09-03T16:23:00.317+08:00] shrunkShotToLogicalRatio 1
[2026-09-03T16:23:03.073+08:00] Getting interface description
[2026-09-03T16:23:03.073+08:00] Interface description end
[2026-09-03T16:23:03.073+08:00] Uploading test info to server
[2026-09-03T16:23:03.073+08:00] UploadTestInfoToServer end
[2026-09-03T16:23:03.073+08:00] will get size
[2026-09-03T16:23:03.073+08:00] size: 1440x713
[2026-09-03T16:23:03.100+08:00] will get screenshot dimensions
[2026-09-03T16:23:03.101+08:00] screenshot dimensions 1440 x 713
[2026-09-03T16:23:03.101+08:00] calculated dpr: 1
[2026-09-03T16:23:03.101+08:00] shrunkShotToLogicalRatio 1
[2026-09-03T16:23:03.832+08:00] Getting interface description
[2026-09-03T16:23:03.832+08:00] Interface description end
[2026-09-03T16:23:03.832+08:00] Uploading test info to server
[2026-09-03T16:23:03.832+08:00] UploadTestInfoToServer end
[2026-09-03T16:23:03.832+08:00] will get size
[2026-09-03T16:23:03.832+08:00] size: 1440x713
[2026-09-03T16:23:03.850+08:00] will get screenshot dimensions
[2026-09-03T16:23:03.851+08:00] screenshot dimensions 1440 x 713
[2026-09-03T16:23:03.851+08:00] calculated dpr: 1
[2026-09-03T16:23:03.851+08:00] shrunkShotToLogicalRatio 1
[2026-09-03T16:23:06.482+08:00] Getting interface description
[2026-09-03T16:23:06.482+08:00] Interface description end
[2026-09-03T16:23:06.482+08:00] Uploading test info to server
[2026-09-03T16:23:06.482+08:00] UploadTestInfoToServer end
[2026-09-03T16:23:06.482+08:00] will get size
[2026-09-03T16:23:06.482+08:00] size: 1440x713
[2026-09-03T16:23:06.499+08:00] will get screenshot dimensions
[2026-09-03T16:23:06.501+08:00] screenshot dimensions 1440 x 713
[2026-09-03T16:23:06.501+08:00] calculated dpr: 1
[2026-09-03T16:23:06.501+08:00] shrunkShotToLogicalRatio 1
[2026-09-03T16:23:36.167+08:00] Getting interface description
[2026-09-03T16:23:36.167+08:00] Interface description end
[2026-09-03T16:23:36.167+08:00] Uploading test info to server
[2026-09-03T16:23:36.176+08:00] UploadTestInfoToServer end
[2026-09-03T16:23:36.176+08:00] will get size
[2026-09-03T16:23:36.177+08:00] size: 1440x713
[2026-09-03T16:23:36.227+08:00] will get screenshot dimensions
[2026-09-03T16:23:36.307+08:00] screenshot dimensions 1440 x 713
[2026-09-03T16:23:36.307+08:00] calculated dpr: 1
[2026-09-03T16:23:36.307+08:00] shrunkShotToLogicalRatio 1
[2026-09-03T16:23:40.514+08:00] Getting interface description
[2026-09-03T16:23:40.514+08:00] Interface description end
[2026-09-03T16:23:40.514+08:00] Uploading test info to server
[2026-09-03T16:23:40.514+08:00] UploadTestInfoToServer end
[2026-09-03T16:23:40.514+08:00] will get size
[2026-09-03T16:23:40.514+08:00] size: 1440x713
[2026-09-03T16:23:40.536+08:00] will get screenshot dimensions
[2026-09-03T16:23:40.538+08:00] screenshot dimensions 1440 x 713
[2026-09-03T16:23:40.538+08:00] calculated dpr: 1
[2026-09-03T16:23:40.538+08:00] shrunkShotToLogicalRatio 1
[2026-09-03T16:23:43.834+08:00] Getting interface description
[2026-09-03T16:23:43.834+08:00] Interface description end
[2026-09-03T16:23:43.834+08:00] Uploading test info to server
[2026-09-03T16:23:43.834+08:00] UploadTestInfoToServer end
[2026-09-03T16:23:43.834+08:00] will get size
[2026-09-03T16:23:43.834+08:00] size: 1440x713
[2026-09-03T16:23:43.848+08:00] will get screenshot dimensions
[2026-09-03T16:23:43.849+08:00] screenshot dimensions 1440 x 713
[2026-09-03T16:23:43.849+08:00] calculated dpr: 1
[2026-09-03T16:23:43.849+08:00] shrunkShotToLogicalRatio 1
[2026-09-03T16:23:45.060+08:00] Getting interface description
[2026-09-03T16:23:45.060+08:00] Interface description end
[2026-09-03T16:23:45.060+08:00] Uploading test info to server
[2026-09-03T16:23:45.060+08:00] UploadTestInfoToServer end
[2026-09-03T16:23:45.060+08:00] will get size
[2026-09-03T16:23:45.060+08:00] size: 1440x713
[2026-09-03T16:23:45.083+08:00] will get screenshot dimensions
[2026-09-03T16:23:45.084+08:00] screenshot dimensions 1440 x 713
[2026-09-03T16:23:45.084+08:00] calculated dpr: 1
[2026-09-03T16:23:45.084+08:00] shrunkShotToLogicalRatio 1
[2026-09-03T16:23:49.647+08:00] Getting interface description
[2026-09-03T16:23:49.647+08:00] Interface description end
[2026-09-03T16:23:49.647+08:00] Uploading test info to server
[2026-09-03T16:23:49.647+08:00] UploadTestInfoToServer end
[2026-09-03T16:23:49.647+08:00] will get size
[2026-09-03T16:23:49.647+08:00] size: 1440x713
[2026-09-03T16:23:49.666+08:00] will get screenshot dimensions
[2026-09-03T16:23:49.667+08:00] screenshot dimensions 1440 x 713
[2026-09-03T16:23:49.668+08:00] calculated dpr: 1
[2026-09-03T16:23:49.668+08:00] shrunkShotToLogicalRatio 1
[2026-09-03T16:23:52.958+08:00] Getting interface description
[2026-09-03T16:23:52.959+08:00] Interface description end
[2026-09-03T16:23:52.959+08:00] Uploading test info to server
[2026-09-03T16:23:52.959+08:00] UploadTestInfoToServer end
[2026-09-03T16:23:52.959+08:00] will get size
[2026-09-03T16:23:52.959+08:00] size: 1440x713
[2026-09-03T16:23:52.982+08:00] will get screenshot dimensions
[2026-09-03T16:23:52.984+08:00] screenshot dimensions 1440 x 713
[2026-09-03T16:23:52.984+08:00] calculated dpr: 1
[2026-09-03T16:23:52.984+08:00] shrunkShotToLogicalRatio 1
[2026-09-03T16:23:53.692+08:00] Getting interface description
[2026-09-03T16:23:53.692+08:00] Interface description end
[2026-09-03T16:23:53.692+08:00] Uploading test info to server
[2026-09-03T16:23:53.692+08:00] UploadTestInfoToServer end
[2026-09-03T16:23:53.692+08:00] will get size
[2026-09-03T16:23:53.692+08:00] size: 1440x713
[2026-09-03T16:23:53.715+08:00] will get screenshot dimensions
[2026-09-03T16:23:53.716+08:00] screenshot dimensions 1440 x 713
[2026-09-03T16:23:53.716+08:00] calculated dpr: 1
[2026-09-03T16:23:53.716+08:00] shrunkShotToLogicalRatio 1
[2026-09-03T16:23:57.488+08:00] Getting interface description
[2026-09-03T16:23:57.488+08:00] Interface description end
[2026-09-03T16:23:57.488+08:00] Uploading test info to server
[2026-09-03T16:23:57.488+08:00] UploadTestInfoToServer end
[2026-09-03T16:23:57.488+08:00] will get size
[2026-09-03T16:23:57.488+08:00] size: 1440x713
[2026-09-03T16:23:57.516+08:00] will get screenshot dimensions
[2026-09-03T16:23:57.517+08:00] screenshot dimensions 1440 x 713
[2026-09-03T16:23:57.517+08:00] calculated dpr: 1
[2026-09-03T16:23:57.517+08:00] shrunkShotToLogicalRatio 1
[2026-09-03T16:24:00.752+08:00] Getting interface description
[2026-09-03T16:24:00.752+08:00] Interface description end
[2026-09-03T16:24:00.752+08:00] Uploading test info to server
[2026-09-03T16:24:00.752+08:00] UploadTestInfoToServer end
[2026-09-03T16:24:00.752+08:00] will get size
[2026-09-03T16:24:00.752+08:00] size: 1440x713
[2026-09-03T16:24:00.768+08:00] will get screenshot dimensions
[2026-09-03T16:24:00.769+08:00] screenshot dimensions 1440 x 713
[2026-09-03T16:24:00.769+08:00] calculated dpr: 1
[2026-09-03T16:24:00.769+08:00] shrunkShotToLogicalRatio 1
[2026-09-03T16:24:01.474+08:00] Getting interface description
[2026-09-03T16:24:01.474+08:00] Interface description end
[2026-09-03T16:24:01.474+08:00] Uploading test info to server
[2026-09-03T16:24:01.474+08:00] UploadTestInfoToServer end
[2026-09-03T16:24:01.474+08:00] will get size
[2026-09-03T16:24:01.474+08:00] size: 1440x713
[2026-09-03T16:24:01.498+08:00] will get screenshot dimensions
[2026-09-03T16:24:01.499+08:00] screenshot dimensions 1440 x 713
[2026-09-03T16:24:01.499+08:00] calculated dpr: 1
[2026-09-03T16:24:01.499+08:00] shrunkShotToLogicalRatio 1
[2026-09-03T16:24:06.381+08:00] Getting interface description
[2026-09-03T16:24:06.381+08:00] Interface description end
[2026-09-03T16:24:06.381+08:00] Uploading test info to server
[2026-09-03T16:24:06.381+08:00] UploadTestInfoToServer end
[2026-09-03T16:24:06.381+08:00] will get size
[2026-09-03T16:24:06.381+08:00] size: 1440x713
[2026-09-03T16:24:06.398+08:00] will get screenshot dimensions
[2026-09-03T16:24:06.399+08:00] screenshot dimensions 1440 x 713
[2026-09-03T16:24:06.399+08:00] calculated dpr: 1
[2026-09-03T16:24:06.399+08:00] shrunkShotToLogicalRatio 1
[2026-09-03T16:24:09.370+08:00] Getting interface description
[2026-09-03T16:24:09.370+08:00] Interface description end
[2026-09-03T16:24:09.370+08:00] Uploading test info to server
[2026-09-03T16:24:09.370+08:00] UploadTestInfoToServer end
[2026-09-03T16:24:09.370+08:00] will get size
[2026-09-03T16:24:09.370+08:00] size: 1440x713
[2026-09-03T16:24:09.398+08:00] will get screenshot dimensions
[2026-09-03T16:24:09.399+08:00] screenshot dimensions 1440 x 713
[2026-09-03T16:24:09.399+08:00] calculated dpr: 1
[2026-09-03T16:24:09.399+08:00] shrunkShotToLogicalRatio 1
[2026-09-03T16:24:10.106+08:00] Getting interface description
[2026-09-03T16:24:10.106+08:00] Interface description end
[2026-09-03T16:24:10.106+08:00] Uploading test info to server
[2026-09-03T16:24:10.106+08:00] UploadTestInfoToServer end
[2026-09-03T16:24:10.106+08:00] will get size
[2026-09-03T16:24:10.106+08:00] size: 1440x713
[2026-09-03T16:24:10.132+08:00] will get screenshot dimensions
[2026-09-03T16:24:10.133+08:00] screenshot dimensions 1440 x 713
[2026-09-03T16:24:10.133+08:00] calculated dpr: 1
[2026-09-03T16:24:10.133+08:00] shrunkShotToLogicalRatio 1
[2026-09-03T16:24:12.906+08:00] Getting interface description
[2026-09-03T16:24:12.906+08:00] Interface description end
[2026-09-03T16:24:12.906+08:00] Uploading test info to server
[2026-09-03T16:24:12.906+08:00] UploadTestInfoToServer end
[2026-09-03T16:24:12.906+08:00] will get size
[2026-09-03T16:24:12.906+08:00] size: 1440x713
[2026-09-03T16:24:12.931+08:00] will get screenshot dimensions
[2026-09-03T16:24:12.932+08:00] screenshot dimensions 1440 x 713
[2026-09-03T16:24:12.932+08:00] calculated dpr: 1
[2026-09-03T16:24:12.932+08:00] shrunkShotToLogicalRatio 1
[2026-09-03T16:24:15.549+08:00] Getting interface description
[2026-09-03T16:24:15.549+08:00] Interface description end
[2026-09-03T16:24:15.549+08:00] Uploading test info to server
[2026-09-03T16:24:15.549+08:00] UploadTestInfoToServer end
[2026-09-03T16:24:15.549+08:00] will get size
[2026-09-03T16:24:15.549+08:00] size: 1440x713
[2026-09-03T16:24:15.565+08:00] will get screenshot dimensions
[2026-09-03T16:24:15.566+08:00] screenshot dimensions 1440 x 713
[2026-09-03T16:24:15.566+08:00] calculated dpr: 1
[2026-09-03T16:24:15.566+08:00] shrunkShotToLogicalRatio 1
[2026-09-03T16:24:16.274+08:00] Getting interface description
[2026-09-03T16:24:16.274+08:00] Interface description end
[2026-09-03T16:24:16.274+08:00] Uploading test info to server
[2026-09-03T16:24:16.274+08:00] UploadTestInfoToServer end
[2026-09-03T16:24:16.274+08:00] will get size
[2026-09-03T16:24:16.274+08:00] size: 1440x713
[2026-09-03T16:24:16.297+08:00] will get screenshot dimensions
[2026-09-03T16:24:16.299+08:00] screenshot dimensions 1440 x 713
[2026-09-03T16:24:16.299+08:00] calculated dpr: 1
[2026-09-03T16:24:16.299+08:00] shrunkShotToLogicalRatio 1
[2026-09-03T16:24:20.223+08:00] Getting interface description
[2026-09-03T16:24:20.223+08:00] Interface description end
[2026-09-03T16:24:20.223+08:00] Uploading test info to server
[2026-09-03T16:24:20.223+08:00] UploadTestInfoToServer end
[2026-09-03T16:24:20.223+08:00] will get size
[2026-09-03T16:24:20.223+08:00] size: 1440x713
[2026-09-03T16:24:20.249+08:00] will get screenshot dimensions
[2026-09-03T16:24:20.250+08:00] screenshot dimensions 1440 x 713
[2026-09-03T16:24:20.250+08:00] calculated dpr: 1
[2026-09-03T16:24:20.250+08:00] shrunkShotToLogicalRatio 1
[2026-09-03T16:24:23.545+08:00] Getting interface description
[2026-09-03T16:24:23.545+08:00] Interface description end
[2026-09-03T16:24:23.546+08:00] Uploading test info to server
[2026-09-03T16:24:23.546+08:00] UploadTestInfoToServer end
[2026-09-03T16:24:23.546+08:00] will get size
[2026-09-03T16:24:23.546+08:00] size: 1440x713
[2026-09-03T16:24:23.570+08:00] will get screenshot dimensions
[2026-09-03T16:24:23.574+08:00] screenshot dimensions 1440 x 713
[2026-09-03T16:24:23.574+08:00] calculated dpr: 1
[2026-09-03T16:24:23.574+08:00] shrunkShotToLogicalRatio 1
[2026-09-03T16:24:24.295+08:00] Getting interface description
[2026-09-03T16:24:24.295+08:00] Interface description end
[2026-09-03T16:24:24.295+08:00] Uploading test info to server
[2026-09-03T16:24:24.295+08:00] UploadTestInfoToServer end
[2026-09-03T16:24:24.295+08:00] will get size
[2026-09-03T16:24:24.295+08:00] size: 1440x713
[2026-09-03T16:24:24.314+08:00] will get screenshot dimensions
[2026-09-03T16:24:24.315+08:00] screenshot dimensions 1440 x 713
[2026-09-03T16:24:24.315+08:00] calculated dpr: 1
[2026-09-03T16:24:24.315+08:00] shrunkShotToLogicalRatio 1
[2026-09-03T16:24:28.544+08:00] Getting interface description
[2026-09-03T16:24:28.544+08:00] Interface description end
[2026-09-03T16:24:28.544+08:00] Uploading test info to server
[2026-09-03T16:24:28.544+08:00] UploadTestInfoToServer end
[2026-09-03T16:24:28.544+08:00] will get size
[2026-09-03T16:24:28.544+08:00] size: 1440x713
[2026-09-03T16:24:28.565+08:00] will get screenshot dimensions
[2026-09-03T16:24:28.566+08:00] screenshot dimensions 1440 x 713
[2026-09-03T16:24:28.566+08:00] calculated dpr: 1
[2026-09-03T16:24:28.566+08:00] shrunkShotToLogicalRatio 1
[2026-09-03T16:24:32.242+08:00] Getting interface description
[2026-09-03T16:24:32.242+08:00] Interface description end
[2026-09-03T16:24:32.242+08:00] Uploading test info to server
[2026-09-03T16:24:32.242+08:00] UploadTestInfoToServer end
[2026-09-03T16:24:32.242+08:00] will get size
[2026-09-03T16:24:32.242+08:00] size: 1440x713
[2026-09-03T16:24:32.265+08:00] will get screenshot dimensions
[2026-09-03T16:24:32.267+08:00] screenshot dimensions 1440 x 713
[2026-09-03T16:24:32.267+08:00] calculated dpr: 1
[2026-09-03T16:24:32.267+08:00] shrunkShotToLogicalRatio 1
[2026-09-03T16:24:33.000+08:00] Getting interface description
[2026-09-03T16:24:33.000+08:00] Interface description end
[2026-09-03T16:24:33.000+08:00] Uploading test info to server
[2026-09-03T16:24:33.000+08:00] UploadTestInfoToServer end
[2026-09-03T16:24:33.001+08:00] will get size
[2026-09-03T16:24:33.001+08:00] size: 1440x713
[2026-09-03T16:24:33.013+08:00] will get screenshot dimensions
[2026-09-03T16:24:33.014+08:00] screenshot dimensions 1440 x 713
[2026-09-03T16:24:33.014+08:00] calculated dpr: 1
[2026-09-03T16:24:33.014+08:00] shrunkShotToLogicalRatio 1
[2026-09-03T16:24:36.797+08:00] Getting interface description
[2026-09-03T16:24:36.797+08:00] Interface description end
[2026-09-03T16:24:36.797+08:00] Uploading test info to server
[2026-09-03T16:24:36.797+08:00] UploadTestInfoToServer end
[2026-09-03T16:24:36.797+08:00] will get size
[2026-09-03T16:24:36.797+08:00] size: 1440x713
[2026-09-03T16:24:36.815+08:00] will get screenshot dimensions
[2026-09-03T16:24:36.816+08:00] screenshot dimensions 1440 x 713
[2026-09-03T16:24:36.816+08:00] calculated dpr: 1
[2026-09-03T16:24:36.816+08:00] shrunkShotToLogicalRatio 1
[2026-09-03T16:25:20.431+08:00] Getting interface description
[2026-09-03T16:25:20.431+08:00] Interface description end
[2026-09-03T16:25:20.431+08:00] Uploading test info to server
[2026-09-03T16:25:20.435+08:00] UploadTestInfoToServer end
[2026-09-03T16:25:20.435+08:00] will get size
[2026-09-03T16:25:20.436+08:00] size: 1440x713
[2026-09-03T16:25:20.476+08:00] will get screenshot dimensions
[2026-09-03T16:25:20.547+08:00] screenshot dimensions 1440 x 713
[2026-09-03T16:25:20.547+08:00] calculated dpr: 1
[2026-09-03T16:25:20.547+08:00] shrunkShotToLogicalRatio 1
[2026-09-03T16:25:23.757+08:00] Getting interface description
[2026-09-03T16:25:23.757+08:00] Interface description end
[2026-09-03T16:25:23.757+08:00] Uploading test info to server
[2026-09-03T16:25:23.757+08:00] UploadTestInfoToServer end
[2026-09-03T16:25:23.757+08:00] will get size
[2026-09-03T16:25:23.757+08:00] size: 1440x713
[2026-09-03T16:25:23.779+08:00] will get screenshot dimensions
[2026-09-03T16:25:23.781+08:00] screenshot dimensions 1440 x 713
[2026-09-03T16:25:23.781+08:00] calculated dpr: 1
[2026-09-03T16:25:23.781+08:00] shrunkShotToLogicalRatio 1
[2026-09-03T16:25:26.305+08:00] Getting interface description
[2026-09-03T16:25:26.305+08:00] Interface description end
[2026-09-03T16:25:26.305+08:00] Uploading test info to server
[2026-09-03T16:25:26.305+08:00] UploadTestInfoToServer end
[2026-09-03T16:25:26.305+08:00] will get size
[2026-09-03T16:25:26.305+08:00] size: 1440x713
[2026-09-03T16:25:26.330+08:00] will get screenshot dimensions
[2026-09-03T16:25:26.332+08:00] screenshot dimensions 1440 x 713
[2026-09-03T16:25:26.332+08:00] calculated dpr: 1
[2026-09-03T16:25:26.332+08:00] shrunkShotToLogicalRatio 1
[2026-09-03T16:25:27.558+08:00] Getting interface description
[2026-09-03T16:25:27.558+08:00] Interface description end
[2026-09-03T16:25:27.558+08:00] Uploading test info to server
[2026-09-03T16:25:27.558+08:00] UploadTestInfoToServer end
[2026-09-03T16:25:27.558+08:00] will get size
[2026-09-03T16:25:27.558+08:00] size: 1440x713
[2026-09-03T16:25:27.579+08:00] will get screenshot dimensions
[2026-09-03T16:25:27.580+08:00] screenshot dimensions 1440 x 713
[2026-09-03T16:25:27.580+08:00] calculated dpr: 1
[2026-09-03T16:25:27.580+08:00] shrunkShotToLogicalRatio 1
[2026-09-03T16:25:31.223+08:00] Getting interface description
[2026-09-03T16:25:31.223+08:00] Interface description end
[2026-09-03T16:25:31.223+08:00] Uploading test info to server
[2026-09-03T16:25:31.223+08:00] UploadTestInfoToServer end
[2026-09-03T16:25:31.223+08:00] will get size
[2026-09-03T16:25:31.223+08:00] size: 1440x713
[2026-09-03T16:25:31.245+08:00] will get screenshot dimensions
[2026-09-03T16:25:31.246+08:00] screenshot dimensions 1440 x 713
[2026-09-03T16:25:31.246+08:00] calculated dpr: 1
[2026-09-03T16:25:31.246+08:00] shrunkShotToLogicalRatio 1
[2026-09-03T16:25:34.775+08:00] Getting interface description
[2026-09-03T16:25:34.776+08:00] Interface description end
[2026-09-03T16:25:34.776+08:00] Uploading test info to server
[2026-09-03T16:25:34.776+08:00] UploadTestInfoToServer end
[2026-09-03T16:25:34.776+08:00] will get size
[2026-09-03T16:25:34.776+08:00] size: 1440x713
[2026-09-03T16:25:34.801+08:00] will get screenshot dimensions
[2026-09-03T16:25:34.805+08:00] screenshot dimensions 1440 x 713
[2026-09-03T16:25:34.805+08:00] calculated dpr: 1
[2026-09-03T16:25:34.805+08:00] shrunkShotToLogicalRatio 1
[2026-09-03T16:25:35.527+08:00] Getting interface description
[2026-09-03T16:25:35.527+08:00] Interface description end
[2026-09-03T16:25:35.527+08:00] Uploading test info to server
[2026-09-03T16:25:35.527+08:00] UploadTestInfoToServer end
[2026-09-03T16:25:35.527+08:00] will get size
[2026-09-03T16:25:35.527+08:00] size: 1440x713
[2026-09-03T16:25:35.546+08:00] will get screenshot dimensions
[2026-09-03T16:25:35.547+08:00] screenshot dimensions 1440 x 713
[2026-09-03T16:25:35.547+08:00] calculated dpr: 1
[2026-09-03T16:25:35.547+08:00] shrunkShotToLogicalRatio 1
[2026-09-03T16:25:38.309+08:00] Getting interface description
[2026-09-03T16:25:38.309+08:00] Interface description end
[2026-09-03T16:25:38.309+08:00] Uploading test info to server
[2026-09-03T16:25:38.309+08:00] UploadTestInfoToServer end
[2026-09-03T16:25:38.309+08:00] will get size
[2026-09-03T16:25:38.309+08:00] size: 1440x713
[2026-09-03T16:25:38.332+08:00] will get screenshot dimensions
[2026-09-03T16:25:38.334+08:00] screenshot dimensions 1440 x 713
[2026-09-03T16:25:38.334+08:00] calculated dpr: 1
[2026-09-03T16:25:38.334+08:00] shrunkShotToLogicalRatio 1
[2026-09-03T16:26:36.943+08:00] Getting interface description
[2026-09-03T16:26:36.943+08:00] Interface description end
[2026-09-03T16:26:36.944+08:00] Uploading test info to server
[2026-09-03T16:26:36.951+08:00] UploadTestInfoToServer end
[2026-09-03T16:26:36.951+08:00] will get size
[2026-09-03T16:26:36.953+08:00] size: 1440x713
[2026-09-03T16:26:36.991+08:00] will get screenshot dimensions
[2026-09-03T16:26:37.052+08:00] screenshot dimensions 1440 x 713
[2026-09-03T16:26:37.052+08:00] calculated dpr: 1
[2026-09-03T16:26:37.052+08:00] shrunkShotToLogicalRatio 1
[2026-09-03T16:26:40.436+08:00] Getting interface description
[2026-09-03T16:26:40.436+08:00] Interface description end
[2026-09-03T16:26:40.436+08:00] Uploading test info to server
[2026-09-03T16:26:40.436+08:00] UploadTestInfoToServer end
[2026-09-03T16:26:40.436+08:00] will get size
[2026-09-03T16:26:40.436+08:00] size: 1440x713
[2026-09-03T16:26:40.462+08:00] will get screenshot dimensions
[2026-09-03T16:26:40.464+08:00] screenshot dimensions 1440 x 713
[2026-09-03T16:26:40.464+08:00] calculated dpr: 1
[2026-09-03T16:26:40.464+08:00] shrunkShotToLogicalRatio 1
[2026-09-03T16:26:43.346+08:00] Getting interface description
[2026-09-03T16:26:43.346+08:00] Interface description end
[2026-09-03T16:26:43.346+08:00] Uploading test info to server
[2026-09-03T16:26:43.346+08:00] UploadTestInfoToServer end
[2026-09-03T16:26:43.346+08:00] will get size
[2026-09-03T16:26:43.346+08:00] size: 1440x713
[2026-09-03T16:26:43.441+08:00] will get screenshot dimensions
[2026-09-03T16:26:43.444+08:00] screenshot dimensions 1440 x 713
[2026-09-03T16:26:43.444+08:00] calculated dpr: 1
[2026-09-03T16:26:43.444+08:00] shrunkShotToLogicalRatio 1
[2026-09-03T16:26:44.694+08:00] Getting interface description
[2026-09-03T16:26:44.694+08:00] Interface description end
[2026-09-03T16:26:44.694+08:00] Uploading test info to server
[2026-09-03T16:26:44.694+08:00] UploadTestInfoToServer end
[2026-09-03T16:26:44.694+08:00] will get size
[2026-09-03T16:26:44.694+08:00] size: 1440x713
[2026-09-03T16:26:44.716+08:00] will get screenshot dimensions
[2026-09-03T16:26:44.719+08:00] screenshot dimensions 1440 x 713
[2026-09-03T16:26:44.719+08:00] calculated dpr: 1
[2026-09-03T16:26:44.719+08:00] shrunkShotToLogicalRatio 1
[2026-09-03T16:26:49.040+08:00] Getting interface description
[2026-09-03T16:26:49.040+08:00] Interface description end
[2026-09-03T16:26:49.040+08:00] Uploading test info to server
[2026-09-03T16:26:49.040+08:00] UploadTestInfoToServer end
[2026-09-03T16:26:49.040+08:00] will get size
[2026-09-03T16:26:49.040+08:00] size: 1440x713
[2026-09-03T16:26:49.064+08:00] will get screenshot dimensions
[2026-09-03T16:26:49.065+08:00] screenshot dimensions 1440 x 713
[2026-09-03T16:26:49.065+08:00] calculated dpr: 1
[2026-09-03T16:26:49.065+08:00] shrunkShotToLogicalRatio 1
[2026-09-03T16:27:27.435+08:00] Getting interface description
[2026-09-03T16:27:27.435+08:00] Interface description end
[2026-09-03T16:27:27.435+08:00] Uploading test info to server
[2026-09-03T16:27:27.441+08:00] UploadTestInfoToServer end
[2026-09-03T16:27:27.441+08:00] will get size
[2026-09-03T16:27:27.442+08:00] size: 1440x713
[2026-09-03T16:27:27.488+08:00] will get screenshot dimensions
[2026-09-03T16:27:27.567+08:00] screenshot dimensions 1440 x 713
[2026-09-03T16:27:27.567+08:00] calculated dpr: 1
[2026-09-03T16:27:27.567+08:00] shrunkShotToLogicalRatio 1
[2026-09-03T16:27:32.106+08:00] Getting interface description
[2026-09-03T16:27:32.106+08:00] Interface description end
[2026-09-03T16:27:32.106+08:00] Uploading test info to server
[2026-09-03T16:27:32.106+08:00] UploadTestInfoToServer end
[2026-09-03T16:27:32.106+08:00] will get size
[2026-09-03T16:27:32.106+08:00] size: 1440x713
[2026-09-03T16:27:32.139+08:00] will get screenshot dimensions
[2026-09-03T16:27:32.142+08:00] screenshot dimensions 1440 x 713
[2026-09-03T16:27:32.142+08:00] calculated dpr: 1
[2026-09-03T16:27:32.142+08:00] shrunkShotToLogicalRatio 1
[2026-09-03T16:27:54.547+08:00] Getting interface description
[2026-09-03T16:27:54.547+08:00] Interface description end
[2026-09-03T16:27:54.547+08:00] Uploading test info to server
[2026-09-03T16:27:54.547+08:00] UploadTestInfoToServer end
[2026-09-03T16:27:54.547+08:00] will get size
[2026-09-03T16:27:54.547+08:00] size: 1440x713
[2026-09-03T16:27:54.582+08:00] will get screenshot dimensions
[2026-09-03T16:27:54.587+08:00] screenshot dimensions 1440 x 713
[2026-09-03T16:27:54.587+08:00] calculated dpr: 1
[2026-09-03T16:27:54.587+08:00] shrunkShotToLogicalRatio 1
[2026-09-03T16:27:55.807+08:00] Getting interface description
[2026-09-03T16:27:55.807+08:00] Interface description end
[2026-09-03T16:27:55.807+08:00] Uploading test info to server
[2026-09-03T16:27:55.807+08:00] UploadTestInfoToServer end
[2026-09-03T16:27:55.807+08:00] will get size
[2026-09-03T16:27:55.807+08:00] size: 1440x713
[2026-09-03T16:27:55.826+08:00] will get screenshot dimensions
[2026-09-03T16:27:55.827+08:00] screenshot dimensions 1440 x 713
[2026-09-03T16:27:55.827+08:00] calculated dpr: 1
[2026-09-03T16:27:55.827+08:00] shrunkShotToLogicalRatio 1
[2026-09-03T16:28:01.075+08:00] Getting interface description
[2026-09-03T16:28:01.075+08:00] Interface description end
[2026-09-03T16:28:01.075+08:00] Uploading test info to server
[2026-09-03T16:28:01.075+08:00] UploadTestInfoToServer end
[2026-09-03T16:28:01.075+08:00] will get size
[2026-09-03T16:28:01.075+08:00] size: 1440x713
[2026-09-03T16:28:01.678+08:00] will get screenshot dimensions
[2026-09-03T16:28:01.680+08:00] screenshot dimensions 1440 x 713
[2026-09-03T16:28:01.680+08:00] calculated dpr: 1
[2026-09-03T16:28:01.680+08:00] shrunkShotToLogicalRatio 1
[2026-09-03T16:28:04.695+08:00] Getting interface description
[2026-09-03T16:28:04.695+08:00] Interface description end
[2026-09-03T16:28:04.695+08:00] Uploading test info to server
[2026-09-03T16:28:04.695+08:00] UploadTestInfoToServer end
[2026-09-03T16:28:04.695+08:00] will get size
[2026-09-03T16:28:04.695+08:00] size: 1440x713
[2026-09-03T16:28:04.712+08:00] will get screenshot dimensions
[2026-09-03T16:28:04.712+08:00] screenshot dimensions 1440 x 713
[2026-09-03T16:28:04.713+08:00] calculated dpr: 1
[2026-09-03T16:28:04.713+08:00] shrunkShotToLogicalRatio 1
[2026-09-03T16:28:07.492+08:00] Getting interface description
[2026-09-03T16:28:07.492+08:00] Interface description end
[2026-09-03T16:28:07.492+08:00] Uploading test info to server
[2026-09-03T16:28:07.492+08:00] UploadTestInfoToServer end
[2026-09-03T16:28:07.492+08:00] will get size
[2026-09-03T16:28:07.492+08:00] size: 1440x713
[2026-09-03T16:28:07.510+08:00] will get screenshot dimensions
[2026-09-03T16:28:07.512+08:00] screenshot dimensions 1440 x 713
[2026-09-03T16:28:07.512+08:00] calculated dpr: 1
[2026-09-03T16:28:07.512+08:00] shrunkShotToLogicalRatio 1
[2026-09-03T16:28:09.741+08:00] Getting interface description
[2026-09-03T16:28:09.741+08:00] Interface description end
[2026-09-03T16:28:09.741+08:00] Uploading test info to server
[2026-09-03T16:28:09.741+08:00] UploadTestInfoToServer end
[2026-09-03T16:28:09.741+08:00] will get size
[2026-09-03T16:28:09.741+08:00] size: 1440x713
[2026-09-03T16:28:09.759+08:00] will get screenshot dimensions
[2026-09-03T16:28:09.760+08:00] screenshot dimensions 1440 x 713
[2026-09-03T16:28:09.760+08:00] calculated dpr: 1
[2026-09-03T16:28:09.760+08:00] shrunkShotToLogicalRatio 1
[2026-09-03T16:28:13.328+08:00] Getting interface description
[2026-09-03T16:28:13.328+08:00] Interface description end
[2026-09-03T16:28:13.328+08:00] Uploading test info to server
[2026-09-03T16:28:13.328+08:00] UploadTestInfoToServer end
[2026-09-03T16:28:13.328+08:00] will get size
[2026-09-03T16:28:13.328+08:00] size: 1440x713
[2026-09-03T16:28:13.342+08:00] will get screenshot dimensions
[2026-09-03T16:28:13.343+08:00] screenshot dimensions 1440 x 713
[2026-09-03T16:28:13.343+08:00] calculated dpr: 1
[2026-09-03T16:28:13.343+08:00] shrunkShotToLogicalRatio 1
[2026-09-03T16:34:56.460+08:00] Getting interface description
[2026-09-03T16:34:56.460+08:00] Interface description end
[2026-09-03T16:34:56.460+08:00] Uploading test info to server
[2026-09-03T16:34:56.463+08:00] UploadTestInfoToServer end
[2026-09-03T16:34:56.463+08:00] will get size
[2026-09-03T16:34:56.464+08:00] size: 1440x713
[2026-09-03T16:34:56.498+08:00] will get screenshot dimensions
[2026-09-03T16:34:56.800+08:00] screenshot dimensions 1440 x 713
[2026-09-03T16:34:56.800+08:00] calculated dpr: 1
[2026-09-03T16:34:56.800+08:00] shrunkShotToLogicalRatio 1
[2026-09-03T16:35:00.270+08:00] Getting interface description
[2026-09-03T16:35:00.270+08:00] Interface description end
[2026-09-03T16:35:00.270+08:00] Uploading test info to server
[2026-09-03T16:35:00.270+08:00] UploadTestInfoToServer end
[2026-09-03T16:35:00.270+08:00] will get size
[2026-09-03T16:35:00.270+08:00] size: 1440x713
[2026-09-03T16:35:00.286+08:00] will get screenshot dimensions
[2026-09-03T16:35:00.287+08:00] screenshot dimensions 1440 x 713
[2026-09-03T16:35:00.287+08:00] calculated dpr: 1
[2026-09-03T16:35:00.287+08:00] shrunkShotToLogicalRatio 1
[2026-09-03T16:35:01.305+08:00] Getting interface description
[2026-09-03T16:35:01.305+08:00] Interface description end
[2026-09-03T16:35:01.305+08:00] Uploading test info to server
[2026-09-03T16:35:01.305+08:00] UploadTestInfoToServer end
[2026-09-03T16:35:01.305+08:00] will get size
[2026-09-03T16:35:01.305+08:00] size: 1440x713
[2026-09-03T16:35:01.352+08:00] will get screenshot dimensions
[2026-09-03T16:35:01.353+08:00] screenshot dimensions 1440 x 713
[2026-09-03T16:35:01.353+08:00] calculated dpr: 1
[2026-09-03T16:35:01.353+08:00] shrunkShotToLogicalRatio 1
[2026-09-03T16:35:05.065+08:00] Getting interface description
[2026-09-03T16:35:05.065+08:00] Interface description end
[2026-09-03T16:35:05.065+08:00] Uploading test info to server
[2026-09-03T16:35:05.065+08:00] UploadTestInfoToServer end
[2026-09-03T16:35:05.065+08:00] will get size
[2026-09-03T16:35:05.065+08:00] size: 1440x713
[2026-09-03T16:35:05.084+08:00] will get screenshot dimensions
[2026-09-03T16:35:05.085+08:00] screenshot dimensions 1440 x 713
[2026-09-03T16:35:05.085+08:00] calculated dpr: 1
[2026-09-03T16:35:05.085+08:00] shrunkShotToLogicalRatio 1
[2026-09-03T16:35:05.829+08:00] Getting interface description
[2026-09-03T16:35:05.829+08:00] Interface description end
[2026-09-03T16:35:05.829+08:00] Uploading test info to server
[2026-09-03T16:35:05.829+08:00] UploadTestInfoToServer end
[2026-09-03T16:35:05.829+08:00] will get size
[2026-09-03T16:35:05.829+08:00] size: 1440x713
[2026-09-03T16:35:05.887+08:00] will get screenshot dimensions
[2026-09-03T16:35:05.888+08:00] screenshot dimensions 1440 x 713
[2026-09-03T16:35:05.888+08:00] calculated dpr: 1
[2026-09-03T16:35:05.888+08:00] shrunkShotToLogicalRatio 1
[2026-09-03T16:35:09.592+08:00] Getting interface description
[2026-09-03T16:35:09.592+08:00] Interface description end
[2026-09-03T16:35:09.592+08:00] Uploading test info to server
[2026-09-03T16:35:09.592+08:00] UploadTestInfoToServer end
[2026-09-03T16:35:09.592+08:00] will get size
[2026-09-03T16:35:09.592+08:00] size: 1440x713
[2026-09-03T16:35:09.621+08:00] will get screenshot dimensions
[2026-09-03T16:35:09.623+08:00] screenshot dimensions 1440 x 713
[2026-09-03T16:35:09.623+08:00] calculated dpr: 1
[2026-09-03T16:35:09.623+08:00] shrunkShotToLogicalRatio 1
[2026-09-03T16:35:10.838+08:00] Getting interface description
[2026-09-03T16:35:10.838+08:00] Interface description end
[2026-09-03T16:35:10.838+08:00] Uploading test info to server
[2026-09-03T16:35:10.838+08:00] UploadTestInfoToServer end
[2026-09-03T16:35:10.838+08:00] will get size
[2026-09-03T16:35:10.838+08:00] size: 1440x713
[2026-09-03T16:35:10.852+08:00] will get screenshot dimensions
[2026-09-03T16:35:10.854+08:00] screenshot dimensions 1440 x 713
[2026-09-03T16:35:10.854+08:00] calculated dpr: 1
[2026-09-03T16:35:10.854+08:00] shrunkShotToLogicalRatio 1
[2026-09-03T16:35:15.814+08:00] Getting interface description
[2026-09-03T16:35:15.814+08:00] Interface description end
[2026-09-03T16:35:15.814+08:00] Uploading test info to server
[2026-09-03T16:35:15.814+08:00] UploadTestInfoToServer end
[2026-09-03T16:35:15.814+08:00] will get size
[2026-09-03T16:35:15.814+08:00] size: 1440x713
[2026-09-03T16:35:15.845+08:00] will get screenshot dimensions
[2026-09-03T16:35:15.847+08:00] screenshot dimensions 1440 x 713
[2026-09-03T16:35:15.847+08:00] calculated dpr: 1
[2026-09-03T16:35:15.847+08:00] shrunkShotToLogicalRatio 1
[2026-09-03T16:35:17.066+08:00] Getting interface description
[2026-09-03T16:35:17.066+08:00] Interface description end
[2026-09-03T16:35:17.066+08:00] Uploading test info to server
[2026-09-03T16:35:17.066+08:00] UploadTestInfoToServer end
[2026-09-03T16:35:17.066+08:00] will get size
[2026-09-03T16:35:17.066+08:00] size: 1440x713
[2026-09-03T16:35:17.084+08:00] will get screenshot dimensions
[2026-09-03T16:35:17.086+08:00] screenshot dimensions 1440 x 713
[2026-09-03T16:35:17.086+08:00] calculated dpr: 1
[2026-09-03T16:35:17.086+08:00] shrunkShotToLogicalRatio 1
[2026-09-03T16:35:21.395+08:00] Getting interface description
[2026-09-03T16:35:21.395+08:00] Interface description end
[2026-09-03T16:35:21.395+08:00] Uploading test info to server
[2026-09-03T16:35:21.395+08:00] UploadTestInfoToServer end
[2026-09-03T16:35:21.395+08:00] will get size
[2026-09-03T16:35:21.395+08:00] size: 1440x713
[2026-09-03T16:35:21.420+08:00] will get screenshot dimensions
[2026-09-03T16:35:21.422+08:00] screenshot dimensions 1440 x 713
[2026-09-03T16:35:21.422+08:00] calculated dpr: 1
[2026-09-03T16:35:21.422+08:00] shrunkShotToLogicalRatio 1
[2026-09-03T16:35:30.513+08:00] Getting interface description
[2026-09-03T16:35:30.513+08:00] Interface description end
[2026-09-03T16:35:30.513+08:00] Uploading test info to server
[2026-09-03T16:35:30.513+08:00] UploadTestInfoToServer end
[2026-09-03T16:35:30.513+08:00] will get size
[2026-09-03T16:35:30.513+08:00] size: 1440x713
[2026-09-03T16:35:30.552+08:00] will get screenshot dimensions
[2026-09-03T16:35:30.554+08:00] screenshot dimensions 1440 x 713
[2026-09-03T16:35:30.554+08:00] calculated dpr: 1
[2026-09-03T16:35:30.554+08:00] shrunkShotToLogicalRatio 1
[2026-09-03T16:35:31.271+08:00] Getting interface description
[2026-09-03T16:35:31.271+08:00] Interface description end
[2026-09-03T16:35:31.271+08:00] Uploading test info to server
[2026-09-03T16:35:31.271+08:00] UploadTestInfoToServer end
[2026-09-03T16:35:31.271+08:00] will get size
[2026-09-03T16:35:31.271+08:00] size: 1440x713
[2026-09-03T16:35:31.284+08:00] will get screenshot dimensions
[2026-09-03T16:35:31.285+08:00] screenshot dimensions 1440 x 713
[2026-09-03T16:35:31.285+08:00] calculated dpr: 1
[2026-09-03T16:35:31.285+08:00] shrunkShotToLogicalRatio 1
[2026-09-03T16:35:35.734+08:00] Getting interface description
[2026-09-03T16:35:35.734+08:00] Interface description end
[2026-09-03T16:35:35.734+08:00] Uploading test info to server
[2026-09-03T16:35:35.734+08:00] UploadTestInfoToServer end
[2026-09-03T16:35:35.734+08:00] will get size
[2026-09-03T16:35:35.734+08:00] size: 1440x713
[2026-09-03T16:35:35.750+08:00] will get screenshot dimensions
[2026-09-03T16:35:35.751+08:00] screenshot dimensions 1440 x 713
[2026-09-03T16:35:35.751+08:00] calculated dpr: 1
[2026-09-03T16:35:35.751+08:00] shrunkShotToLogicalRatio 1
[2026-09-03T16:35:36.462+08:00] Getting interface description
[2026-09-03T16:35:36.462+08:00] Interface description end
[2026-09-03T16:35:36.462+08:00] Uploading test info to server
[2026-09-03T16:35:36.462+08:00] UploadTestInfoToServer end
[2026-09-03T16:35:36.462+08:00] will get size
[2026-09-03T16:35:36.462+08:00] size: 1440x713
[2026-09-03T16:35:36.520+08:00] will get screenshot dimensions
[2026-09-03T16:35:36.521+08:00] screenshot dimensions 1440 x 713
[2026-09-03T16:35:36.521+08:00] calculated dpr: 1
[2026-09-03T16:35:36.521+08:00] shrunkShotToLogicalRatio 1
[2026-09-03T16:36:30.987+08:00] Getting interface description
[2026-09-03T16:36:30.987+08:00] Interface description end
[2026-09-03T16:36:30.987+08:00] Uploading test info to server
[2026-09-03T16:36:30.995+08:00] UploadTestInfoToServer end
[2026-09-03T16:36:30.995+08:00] will get size
[2026-09-03T16:36:30.997+08:00] size: 1440x713
[2026-09-03T16:36:31.066+08:00] will get screenshot dimensions
[2026-09-03T16:36:31.268+08:00] screenshot dimensions 1440 x 713
[2026-09-03T16:36:31.268+08:00] calculated dpr: 1
[2026-09-03T16:36:31.269+08:00] shrunkShotToLogicalRatio 1
[2026-09-03T16:36:48.902+08:00] Getting interface description
[2026-09-03T16:36:48.902+08:00] Interface description end
[2026-09-03T16:36:48.902+08:00] Uploading test info to server
[2026-09-03T16:36:48.902+08:00] UploadTestInfoToServer end
[2026-09-03T16:36:48.902+08:00] will get size
[2026-09-03T16:36:48.902+08:00] size: 1440x713
[2026-09-03T16:36:48.918+08:00] will get screenshot dimensions
[2026-09-03T16:36:48.920+08:00] screenshot dimensions 1440 x 713
[2026-09-03T16:36:48.920+08:00] calculated dpr: 1
[2026-09-03T16:36:48.920+08:00] shrunkShotToLogicalRatio 1
[2026-09-03T16:36:52.026+08:00] Getting interface description
[2026-09-03T16:36:52.026+08:00] Interface description end
[2026-09-03T16:36:52.026+08:00] Uploading test info to server
[2026-09-03T16:36:52.026+08:00] UploadTestInfoToServer end
[2026-09-03T16:36:52.026+08:00] will get size
[2026-09-03T16:36:52.026+08:00] size: 1440x713
[2026-09-03T16:36:52.051+08:00] will get screenshot dimensions
[2026-09-03T16:36:52.053+08:00] screenshot dimensions 1440 x 713
[2026-09-03T16:36:52.053+08:00] calculated dpr: 1
[2026-09-03T16:36:52.053+08:00] shrunkShotToLogicalRatio 1
[2026-09-03T16:36:52.799+08:00] Getting interface description
[2026-09-03T16:36:52.799+08:00] Interface description end
[2026-09-03T16:36:52.799+08:00] Uploading test info to server
[2026-09-03T16:36:52.799+08:00] UploadTestInfoToServer end
[2026-09-03T16:36:52.799+08:00] will get size
[2026-09-03T16:36:52.799+08:00] size: 1440x713
[2026-09-03T16:36:52.815+08:00] will get screenshot dimensions
[2026-09-03T16:36:52.816+08:00] screenshot dimensions 1440 x 713
[2026-09-03T16:36:52.816+08:00] calculated dpr: 1
[2026-09-03T16:36:52.816+08:00] shrunkShotToLogicalRatio 1
[2026-09-03T16:36:58.086+08:00] Getting interface description
[2026-09-03T16:36:58.086+08:00] Interface description end
[2026-09-03T16:36:58.086+08:00] Uploading test info to server
[2026-09-03T16:36:58.086+08:00] UploadTestInfoToServer end
[2026-09-03T16:36:58.086+08:00] will get size
[2026-09-03T16:36:58.086+08:00] size: 1440x713
[2026-09-03T16:36:58.098+08:00] will get screenshot dimensions
[2026-09-03T16:36:58.099+08:00] screenshot dimensions 1440 x 713
[2026-09-03T16:36:58.099+08:00] calculated dpr: 1
[2026-09-03T16:36:58.099+08:00] shrunkShotToLogicalRatio 1
[2026-09-03T16:37:01.552+08:00] Getting interface description
[2026-09-03T16:37:01.552+08:00] Interface description end
[2026-09-03T16:37:01.552+08:00] Uploading test info to server
[2026-09-03T16:37:01.552+08:00] UploadTestInfoToServer end
[2026-09-03T16:37:01.552+08:00] will get size
[2026-09-03T16:37:01.552+08:00] size: 1440x713
[2026-09-03T16:37:01.569+08:00] will get screenshot dimensions
[2026-09-03T16:37:01.570+08:00] screenshot dimensions 1440 x 713
[2026-09-03T16:37:01.570+08:00] calculated dpr: 1
[2026-09-03T16:37:01.570+08:00] shrunkShotToLogicalRatio 1
[2026-09-03T16:37:02.291+08:00] Getting interface description
[2026-09-03T16:37:02.291+08:00] Interface description end
[2026-09-03T16:37:02.291+08:00] Uploading test info to server
[2026-09-03T16:37:02.291+08:00] UploadTestInfoToServer end
[2026-09-03T16:37:02.291+08:00] will get size
[2026-09-03T16:37:02.291+08:00] size: 1440x713
[2026-09-03T16:37:02.352+08:00] will get screenshot dimensions
[2026-09-03T16:37:02.352+08:00] screenshot dimensions 1440 x 713
[2026-09-03T16:37:02.352+08:00] calculated dpr: 1
[2026-09-03T16:37:02.352+08:00] shrunkShotToLogicalRatio 1
[2026-09-03T16:37:04.557+08:00] Getting interface description
[2026-09-03T16:37:04.557+08:00] Interface description end
[2026-09-03T16:37:04.557+08:00] Uploading test info to server
[2026-09-03T16:37:04.557+08:00] UploadTestInfoToServer end
[2026-09-03T16:37:04.557+08:00] will get size
[2026-09-03T16:37:04.557+08:00] size: 1440x713
[2026-09-03T16:37:04.581+08:00] will get screenshot dimensions
[2026-09-03T16:37:04.582+08:00] screenshot dimensions 1440 x 713
[2026-09-03T16:37:04.582+08:00] calculated dpr: 1
[2026-09-03T16:37:04.582+08:00] shrunkShotToLogicalRatio 1
[2026-09-03T16:37:40.760+08:00] Getting interface description
[2026-09-03T16:37:40.760+08:00] Interface description end
[2026-09-03T16:37:40.760+08:00] Uploading test info to server
[2026-09-03T16:37:40.764+08:00] UploadTestInfoToServer end
[2026-09-03T16:37:40.764+08:00] will get size
[2026-09-03T16:37:40.765+08:00] size: 1440x713
[2026-09-03T16:37:40.801+08:00] will get screenshot dimensions
[2026-09-03T16:37:40.856+08:00] screenshot dimensions 1440 x 713
[2026-09-03T16:37:40.856+08:00] calculated dpr: 1
[2026-09-03T16:37:40.856+08:00] shrunkShotToLogicalRatio 1
[2026-09-03T16:37:44.477+08:00] Getting interface description
[2026-09-03T16:37:44.477+08:00] Interface description end
[2026-09-03T16:37:44.477+08:00] Uploading test info to server
[2026-09-03T16:37:44.477+08:00] UploadTestInfoToServer end
[2026-09-03T16:37:44.477+08:00] will get size
[2026-09-03T16:37:44.477+08:00] size: 1440x713
[2026-09-03T16:37:44.497+08:00] will get screenshot dimensions
[2026-09-03T16:37:44.498+08:00] screenshot dimensions 1440 x 713
[2026-09-03T16:37:44.498+08:00] calculated dpr: 1
[2026-09-03T16:37:44.498+08:00] shrunkShotToLogicalRatio 1
[2026-09-03T16:37:47.788+08:00] Getting interface description
[2026-09-03T16:37:47.788+08:00] Interface description end
[2026-09-03T16:37:47.788+08:00] Uploading test info to server
[2026-09-03T16:37:47.788+08:00] UploadTestInfoToServer end
[2026-09-03T16:37:47.788+08:00] will get size
[2026-09-03T16:37:47.788+08:00] size: 1440x713
[2026-09-03T16:37:47.815+08:00] will get screenshot dimensions
[2026-09-03T16:37:47.816+08:00] screenshot dimensions 1440 x 713
[2026-09-03T16:37:47.817+08:00] calculated dpr: 1
[2026-09-03T16:37:47.817+08:00] shrunkShotToLogicalRatio 1
[2026-09-03T16:37:49.045+08:00] Getting interface description
[2026-09-03T16:37:49.045+08:00] Interface description end
[2026-09-03T16:37:49.045+08:00] Uploading test info to server
[2026-09-03T16:37:49.045+08:00] UploadTestInfoToServer end
[2026-09-03T16:37:49.045+08:00] will get size
[2026-09-03T16:37:49.045+08:00] size: 1440x713
[2026-09-03T16:37:49.068+08:00] will get screenshot dimensions
[2026-09-03T16:37:49.069+08:00] screenshot dimensions 1440 x 713
[2026-09-03T16:37:49.069+08:00] calculated dpr: 1
[2026-09-03T16:37:49.069+08:00] shrunkShotToLogicalRatio 1
[2026-09-03T16:37:52.449+08:00] Getting interface description
[2026-09-03T16:37:52.449+08:00] Interface description end
[2026-09-03T16:37:52.449+08:00] Uploading test info to server
[2026-09-03T16:37:52.449+08:00] UploadTestInfoToServer end
[2026-09-03T16:37:52.449+08:00] will get size
[2026-09-03T16:37:52.449+08:00] size: 1440x713
[2026-09-03T16:37:52.470+08:00] will get screenshot dimensions
[2026-09-03T16:37:52.472+08:00] screenshot dimensions 1440 x 713
[2026-09-03T16:37:52.472+08:00] calculated dpr: 1
[2026-09-03T16:37:52.472+08:00] shrunkShotToLogicalRatio 1
[2026-09-03T16:37:55.795+08:00] Getting interface description
[2026-09-03T16:37:55.795+08:00] Interface description end
[2026-09-03T16:37:55.795+08:00] Uploading test info to server
[2026-09-03T16:37:55.795+08:00] UploadTestInfoToServer end
[2026-09-03T16:37:55.795+08:00] will get size
[2026-09-03T16:37:55.795+08:00] size: 1440x713
[2026-09-03T16:37:55.814+08:00] will get screenshot dimensions
[2026-09-03T16:37:55.815+08:00] screenshot dimensions 1440 x 713
[2026-09-03T16:37:55.815+08:00] calculated dpr: 1
[2026-09-03T16:37:55.815+08:00] shrunkShotToLogicalRatio 1
[2026-09-03T16:37:57.026+08:00] Getting interface description
[2026-09-03T16:37:57.026+08:00] Interface description end
[2026-09-03T16:37:57.026+08:00] Uploading test info to server
[2026-09-03T16:37:57.026+08:00] UploadTestInfoToServer end
[2026-09-03T16:37:57.026+08:00] will get size
[2026-09-03T16:37:57.026+08:00] size: 1440x713
[2026-09-03T16:37:57.047+08:00] will get screenshot dimensions
[2026-09-03T16:37:57.048+08:00] screenshot dimensions 1440 x 713
[2026-09-03T16:37:57.048+08:00] calculated dpr: 1
[2026-09-03T16:37:57.048+08:00] shrunkShotToLogicalRatio 1
[2026-09-03T16:38:02.491+08:00] Getting interface description
[2026-09-03T16:38:02.492+08:00] Interface description end
[2026-09-03T16:38:02.492+08:00] Uploading test info to server
[2026-09-03T16:38:02.492+08:00] UploadTestInfoToServer end
[2026-09-03T16:38:02.492+08:00] will get size
[2026-09-03T16:38:02.492+08:00] size: 1440x713
[2026-09-03T16:38:02.513+08:00] will get screenshot dimensions
[2026-09-03T16:38:02.515+08:00] screenshot dimensions 1440 x 713
[2026-09-03T16:38:02.515+08:00] calculated dpr: 1
[2026-09-03T16:38:02.515+08:00] shrunkShotToLogicalRatio 1
[2026-09-03T16:40:06.316+08:00] Getting interface description
[2026-09-03T16:40:06.316+08:00] Interface description end
[2026-09-03T16:40:06.316+08:00] Uploading test info to server
[2026-09-03T16:40:06.322+08:00] UploadTestInfoToServer end
[2026-09-03T16:40:06.322+08:00] will get size
[2026-09-03T16:40:06.324+08:00] size: 1440x713
[2026-09-03T16:40:06.365+08:00] will get screenshot dimensions
[2026-09-03T16:40:06.600+08:00] screenshot dimensions 1440 x 713
[2026-09-03T16:40:06.600+08:00] calculated dpr: 1
[2026-09-03T16:40:06.600+08:00] shrunkShotToLogicalRatio 1
[2026-09-03T16:40:10.369+08:00] Getting interface description
[2026-09-03T16:40:10.369+08:00] Interface description end
[2026-09-03T16:40:10.369+08:00] Uploading test info to server
[2026-09-03T16:40:10.369+08:00] UploadTestInfoToServer end
[2026-09-03T16:40:10.369+08:00] will get size
[2026-09-03T16:40:10.369+08:00] size: 1440x713
[2026-09-03T16:40:10.397+08:00] will get screenshot dimensions
[2026-09-03T16:40:10.399+08:00] screenshot dimensions 1440 x 713
[2026-09-03T16:40:10.399+08:00] calculated dpr: 1
[2026-09-03T16:40:10.399+08:00] shrunkShotToLogicalRatio 1
[2026-09-03T16:40:14.304+08:00] Getting interface description
[2026-09-03T16:40:14.304+08:00] Interface description end
[2026-09-03T16:40:14.304+08:00] Uploading test info to server
[2026-09-03T16:40:14.304+08:00] UploadTestInfoToServer end
[2026-09-03T16:40:14.304+08:00] will get size
[2026-09-03T16:40:14.304+08:00] size: 1440x713
[2026-09-03T16:40:14.364+08:00] will get screenshot dimensions
[2026-09-03T16:40:14.368+08:00] screenshot dimensions 1440 x 713
[2026-09-03T16:40:14.368+08:00] calculated dpr: 1
[2026-09-03T16:40:14.368+08:00] shrunkShotToLogicalRatio 1
[2026-09-03T16:40:15.762+08:00] Getting interface description
[2026-09-03T16:40:15.762+08:00] Interface description end
[2026-09-03T16:40:15.762+08:00] Uploading test info to server
[2026-09-03T16:40:15.762+08:00] UploadTestInfoToServer end
[2026-09-03T16:40:15.762+08:00] will get size
[2026-09-03T16:40:15.762+08:00] size: 1440x713
[2026-09-03T16:40:15.777+08:00] will get screenshot dimensions
[2026-09-03T16:40:15.779+08:00] screenshot dimensions 1440 x 713
[2026-09-03T16:40:15.779+08:00] calculated dpr: 1
[2026-09-03T16:40:15.779+08:00] shrunkShotToLogicalRatio 1
[2026-09-03T16:40:33.245+08:00] Getting interface description
[2026-09-03T16:40:33.245+08:00] Interface description end
[2026-09-03T16:40:33.245+08:00] Uploading test info to server
[2026-09-03T16:40:33.245+08:00] UploadTestInfoToServer end
[2026-09-03T16:40:33.245+08:00] will get size
[2026-09-03T16:40:33.245+08:00] size: 1440x713
[2026-09-03T16:40:33.261+08:00] will get screenshot dimensions
[2026-09-03T16:40:33.263+08:00] screenshot dimensions 1440 x 713
[2026-09-03T16:40:33.263+08:00] calculated dpr: 1
[2026-09-03T16:40:33.263+08:00] shrunkShotToLogicalRatio 1
[2026-09-03T16:40:36.145+08:00] Getting interface description
[2026-09-03T16:40:36.145+08:00] Interface description end
[2026-09-03T16:40:36.145+08:00] Uploading test info to server
[2026-09-03T16:40:36.145+08:00] UploadTestInfoToServer end
[2026-09-03T16:40:36.145+08:00] will get size
[2026-09-03T16:40:36.145+08:00] size: 1440x713
[2026-09-03T16:40:36.164+08:00] will get screenshot dimensions
[2026-09-03T16:40:36.166+08:00] screenshot dimensions 1440 x 713
[2026-09-03T16:40:36.166+08:00] calculated dpr: 1
[2026-09-03T16:40:36.166+08:00] shrunkShotToLogicalRatio 1
[2026-09-03T16:40:37.392+08:00] Getting interface description
[2026-09-03T16:40:37.392+08:00] Interface description end
[2026-09-03T16:40:37.392+08:00] Uploading test info to server
[2026-09-03T16:40:37.392+08:00] UploadTestInfoToServer end
[2026-09-03T16:40:37.392+08:00] will get size
[2026-09-03T16:40:37.392+08:00] size: 1440x713
[2026-09-03T16:40:37.412+08:00] will get screenshot dimensions
[2026-09-03T16:40:37.414+08:00] screenshot dimensions 1440 x 713
[2026-09-03T16:40:37.414+08:00] calculated dpr: 1
[2026-09-03T16:40:37.414+08:00] shrunkShotToLogicalRatio 1
[2026-09-03T16:40:40.860+08:00] Getting interface description
[2026-09-03T16:40:40.860+08:00] Interface description end
[2026-09-03T16:40:40.860+08:00] Uploading test info to server
[2026-09-03T16:40:40.860+08:00] UploadTestInfoToServer end
[2026-09-03T16:40:40.860+08:00] will get size
[2026-09-03T16:40:40.860+08:00] size: 1440x713
[2026-09-03T16:40:40.876+08:00] will get screenshot dimensions
[2026-09-03T16:40:40.877+08:00] screenshot dimensions 1440 x 713
[2026-09-03T16:40:40.877+08:00] calculated dpr: 1
[2026-09-03T16:40:40.877+08:00] shrunkShotToLogicalRatio 1
[2026-09-03T16:40:44.253+08:00] Getting interface description
[2026-09-03T16:40:44.253+08:00] Interface description end
[2026-09-03T16:40:44.253+08:00] Uploading test info to server
[2026-09-03T16:40:44.254+08:00] UploadTestInfoToServer end
[2026-09-03T16:40:44.254+08:00] will get size
[2026-09-03T16:40:44.254+08:00] size: 1440x713
[2026-09-03T16:40:44.280+08:00] will get screenshot dimensions
[2026-09-03T16:40:44.283+08:00] screenshot dimensions 1440 x 713
[2026-09-03T16:40:44.283+08:00] calculated dpr: 1
[2026-09-03T16:40:44.283+08:00] shrunkShotToLogicalRatio 1
[2026-09-03T16:40:45.504+08:00] Getting interface description
[2026-09-03T16:40:45.504+08:00] Interface description end
[2026-09-03T16:40:45.504+08:00] Uploading test info to server
[2026-09-03T16:40:45.504+08:00] UploadTestInfoToServer end
[2026-09-03T16:40:45.504+08:00] will get size
[2026-09-03T16:40:45.504+08:00] size: 1440x713
[2026-09-03T16:40:45.527+08:00] will get screenshot dimensions
[2026-09-03T16:40:45.528+08:00] screenshot dimensions 1440 x 713
[2026-09-03T16:40:45.528+08:00] calculated dpr: 1
[2026-09-03T16:40:45.528+08:00] shrunkShotToLogicalRatio 1
[2026-09-03T16:40:49.092+08:00] Getting interface description
[2026-09-03T16:40:49.092+08:00] Interface description end
[2026-09-03T16:40:49.092+08:00] Uploading test info to server
[2026-09-03T16:40:49.092+08:00] UploadTestInfoToServer end
[2026-09-03T16:40:49.092+08:00] will get size
[2026-09-03T16:40:49.092+08:00] size: 1440x713
[2026-09-03T16:40:49.109+08:00] will get screenshot dimensions
[2026-09-03T16:40:49.110+08:00] screenshot dimensions 1440 x 713
[2026-09-03T16:40:49.110+08:00] calculated dpr: 1
[2026-09-03T16:40:49.110+08:00] shrunkShotToLogicalRatio 1
[2026-09-03T16:40:52.125+08:00] Getting interface description
[2026-09-03T16:40:52.125+08:00] Interface description end
[2026-09-03T16:40:52.125+08:00] Uploading test info to server
[2026-09-03T16:40:52.125+08:00] UploadTestInfoToServer end
[2026-09-03T16:40:52.125+08:00] will get size
[2026-09-03T16:40:52.125+08:00] size: 1440x713
[2026-09-03T16:40:52.144+08:00] will get screenshot dimensions
[2026-09-03T16:40:52.145+08:00] screenshot dimensions 1440 x 713
[2026-09-03T16:40:52.145+08:00] calculated dpr: 1
[2026-09-03T16:40:52.145+08:00] shrunkShotToLogicalRatio 1
[2026-09-03T16:40:53.355+08:00] Getting interface description
[2026-09-03T16:40:53.355+08:00] Interface description end
[2026-09-03T16:40:53.355+08:00] Uploading test info to server
[2026-09-03T16:40:53.355+08:00] UploadTestInfoToServer end
[2026-09-03T16:40:53.355+08:00] will get size
[2026-09-03T16:40:53.355+08:00] size: 1440x713
[2026-09-03T16:40:53.378+08:00] will get screenshot dimensions
[2026-09-03T16:40:53.379+08:00] screenshot dimensions 1440 x 713
[2026-09-03T16:40:53.379+08:00] calculated dpr: 1
[2026-09-03T16:40:53.379+08:00] shrunkShotToLogicalRatio 1
[2026-09-03T16:40:58.234+08:00] Getting interface description
[2026-09-03T16:40:58.234+08:00] Interface description end
[2026-09-03T16:40:58.234+08:00] Uploading test info to server
[2026-09-03T16:40:58.234+08:00] UploadTestInfoToServer end
[2026-09-03T16:40:58.234+08:00] will get size
[2026-09-03T16:40:58.234+08:00] size: 1440x713
[2026-09-03T16:40:58.259+08:00] will get screenshot dimensions
[2026-09-03T16:40:58.260+08:00] screenshot dimensions 1440 x 713
[2026-09-03T16:40:58.260+08:00] calculated dpr: 1
[2026-09-03T16:40:58.260+08:00] shrunkShotToLogicalRatio 1
[2026-09-03T16:44:34.988+08:00] Getting interface description
[2026-09-03T16:44:34.988+08:00] Interface description end
[2026-09-03T16:44:34.988+08:00] Uploading test info to server
[2026-09-03T16:44:34.993+08:00] UploadTestInfoToServer end
[2026-09-03T16:44:34.993+08:00] will get size
[2026-09-03T16:44:34.994+08:00] size: 1440x713
[2026-09-03T16:44:35.037+08:00] will get screenshot dimensions
[2026-09-03T16:44:35.100+08:00] screenshot dimensions 1440 x 713
[2026-09-03T16:44:35.100+08:00] calculated dpr: 1
[2026-09-03T16:44:35.100+08:00] shrunkShotToLogicalRatio 1
[2026-09-03T16:44:39.094+08:00] Getting interface description
[2026-09-03T16:44:39.094+08:00] Interface description end
[2026-09-03T16:44:39.094+08:00] Uploading test info to server
[2026-09-03T16:44:39.094+08:00] UploadTestInfoToServer end
[2026-09-03T16:44:39.094+08:00] will get size
[2026-09-03T16:44:39.094+08:00] size: 1440x713
[2026-09-03T16:44:39.161+08:00] will get screenshot dimensions
[2026-09-03T16:44:39.164+08:00] screenshot dimensions 1440 x 713
[2026-09-03T16:44:39.164+08:00] calculated dpr: 1
[2026-09-03T16:44:39.164+08:00] shrunkShotToLogicalRatio 1
[2026-09-03T16:44:42.312+08:00] Getting interface description
[2026-09-03T16:44:42.312+08:00] Interface description end
[2026-09-03T16:44:42.312+08:00] Uploading test info to server
[2026-09-03T16:44:42.312+08:00] UploadTestInfoToServer end
[2026-09-03T16:44:42.312+08:00] will get size
[2026-09-03T16:44:42.312+08:00] size: 1440x713
[2026-09-03T16:44:42.347+08:00] will get screenshot dimensions
[2026-09-03T16:44:42.353+08:00] screenshot dimensions 1440 x 713
[2026-09-03T16:44:42.353+08:00] calculated dpr: 1
[2026-09-03T16:44:42.353+08:00] shrunkShotToLogicalRatio 1
[2026-09-03T16:44:43.076+08:00] Getting interface description
[2026-09-03T16:44:43.076+08:00] Interface description end
[2026-09-03T16:44:43.076+08:00] Uploading test info to server
[2026-09-03T16:44:43.076+08:00] UploadTestInfoToServer end
[2026-09-03T16:44:43.076+08:00] will get size
[2026-09-03T16:44:43.076+08:00] size: 1440x713
[2026-09-03T16:44:43.090+08:00] will get screenshot dimensions
[2026-09-03T16:44:43.092+08:00] screenshot dimensions 1440 x 713
[2026-09-03T16:44:43.092+08:00] calculated dpr: 1
[2026-09-03T16:44:43.092+08:00] shrunkShotToLogicalRatio 1
[2026-09-03T16:44:48.384+08:00] Getting interface description
[2026-09-03T16:44:48.384+08:00] Interface description end
[2026-09-03T16:44:48.384+08:00] Uploading test info to server
[2026-09-03T16:44:48.384+08:00] UploadTestInfoToServer end
[2026-09-03T16:44:48.384+08:00] will get size
[2026-09-03T16:44:48.384+08:00] size: 1440x713
[2026-09-03T16:44:48.407+08:00] will get screenshot dimensions
[2026-09-03T16:44:48.408+08:00] screenshot dimensions 1440 x 713
[2026-09-03T16:44:48.408+08:00] calculated dpr: 1
[2026-09-03T16:44:48.408+08:00] shrunkShotToLogicalRatio 1
[2026-09-03T16:44:52.402+08:00] Getting interface description
[2026-09-03T16:44:52.403+08:00] Interface description end
[2026-09-03T16:44:52.403+08:00] Uploading test info to server
[2026-09-03T16:44:52.403+08:00] UploadTestInfoToServer end
[2026-09-03T16:44:52.403+08:00] will get size
[2026-09-03T16:44:52.403+08:00] size: 1440x713
[2026-09-03T16:44:52.427+08:00] will get screenshot dimensions
[2026-09-03T16:44:52.429+08:00] screenshot dimensions 1440 x 713
[2026-09-03T16:44:52.429+08:00] calculated dpr: 1
[2026-09-03T16:44:52.429+08:00] shrunkShotToLogicalRatio 1
[2026-09-03T16:44:53.656+08:00] Getting interface description
[2026-09-03T16:44:53.656+08:00] Interface description end
[2026-09-03T16:44:53.656+08:00] Uploading test info to server
[2026-09-03T16:44:53.656+08:00] UploadTestInfoToServer end
[2026-09-03T16:44:53.656+08:00] will get size
[2026-09-03T16:44:53.656+08:00] size: 1440x713
[2026-09-03T16:44:53.705+08:00] will get screenshot dimensions
[2026-09-03T16:44:53.706+08:00] screenshot dimensions 1440 x 713
[2026-09-03T16:44:53.706+08:00] calculated dpr: 1
[2026-09-03T16:44:53.706+08:00] shrunkShotToLogicalRatio 1
[2026-09-03T16:45:02.987+08:00] Getting interface description
[2026-09-03T16:45:02.987+08:00] Interface description end
[2026-09-03T16:45:02.987+08:00] Uploading test info to server
[2026-09-03T16:45:02.987+08:00] UploadTestInfoToServer end
[2026-09-03T16:45:02.987+08:00] will get size
[2026-09-03T16:45:02.987+08:00] size: 1440x713
[2026-09-03T16:45:03.005+08:00] will get screenshot dimensions
[2026-09-03T16:45:03.006+08:00] screenshot dimensions 1440 x 713
[2026-09-03T16:45:03.006+08:00] calculated dpr: 1
[2026-09-03T16:45:03.006+08:00] shrunkShotToLogicalRatio 1
[2026-09-03T16:45:09.291+08:00] Getting interface description
[2026-09-03T16:45:09.291+08:00] Interface description end
[2026-09-03T16:45:09.291+08:00] Uploading test info to server
[2026-09-03T16:45:09.291+08:00] UploadTestInfoToServer end
[2026-09-03T16:45:09.291+08:00] will get size
[2026-09-03T16:45:09.291+08:00] size: 1440x713
[2026-09-03T16:45:09.305+08:00] will get screenshot dimensions
[2026-09-03T16:45:09.307+08:00] screenshot dimensions 1440 x 713
[2026-09-03T16:45:09.307+08:00] calculated dpr: 1
[2026-09-03T16:45:09.307+08:00] shrunkShotToLogicalRatio 1
[2026-09-03T16:45:10.516+08:00] Getting interface description
[2026-09-03T16:45:10.516+08:00] Interface description end
[2026-09-03T16:45:10.516+08:00] Uploading test info to server
[2026-09-03T16:45:10.516+08:00] UploadTestInfoToServer end
[2026-09-03T16:45:10.516+08:00] will get size
[2026-09-03T16:45:10.516+08:00] size: 1440x713
[2026-09-03T16:45:10.538+08:00] will get screenshot dimensions
[2026-09-03T16:45:10.541+08:00] screenshot dimensions 1440 x 713
[2026-09-03T16:45:10.541+08:00] calculated dpr: 1
[2026-09-03T16:45:10.541+08:00] shrunkShotToLogicalRatio 1
[2026-09-03T16:45:13.812+08:00] Getting interface description
[2026-09-03T16:45:13.812+08:00] Interface description end
[2026-09-03T16:45:13.812+08:00] Uploading test info to server
[2026-09-03T16:45:13.812+08:00] UploadTestInfoToServer end
[2026-09-03T16:45:13.812+08:00] will get size
[2026-09-03T16:45:13.812+08:00] size: 1440x713
[2026-09-03T16:45:13.840+08:00] will get screenshot dimensions
[2026-09-03T16:45:13.841+08:00] screenshot dimensions 1440 x 713
[2026-09-03T16:45:13.841+08:00] calculated dpr: 1
[2026-09-03T16:45:13.841+08:00] shrunkShotToLogicalRatio 1
[2026-09-03T16:45:16.459+08:00] Getting interface description
[2026-09-03T16:45:16.459+08:00] Interface description end
[2026-09-03T16:45:16.459+08:00] Uploading test info to server
[2026-09-03T16:45:16.459+08:00] UploadTestInfoToServer end
[2026-09-03T16:45:16.459+08:00] will get size
[2026-09-03T16:45:16.459+08:00] size: 1440x713
[2026-09-03T16:45:16.471+08:00] will get screenshot dimensions
[2026-09-03T16:45:16.473+08:00] screenshot dimensions 1440 x 713
[2026-09-03T16:45:16.473+08:00] calculated dpr: 1
[2026-09-03T16:45:16.473+08:00] shrunkShotToLogicalRatio 1
[2026-09-03T16:45:17.182+08:00] Getting interface description
[2026-09-03T16:45:17.182+08:00] Interface description end
[2026-09-03T16:45:17.182+08:00] Uploading test info to server
[2026-09-03T16:45:17.182+08:00] UploadTestInfoToServer end
[2026-09-03T16:45:17.182+08:00] will get size
[2026-09-03T16:45:17.182+08:00] size: 1440x713
[2026-09-03T16:45:17.212+08:00] will get screenshot dimensions
[2026-09-03T16:45:17.215+08:00] screenshot dimensions 1440 x 713
[2026-09-03T16:45:17.215+08:00] calculated dpr: 1
[2026-09-03T16:45:17.215+08:00] shrunkShotToLogicalRatio 1
[2026-09-03T16:45:38.544+08:00] Getting interface description
[2026-09-03T16:45:38.545+08:00] Interface description end
[2026-09-03T16:45:38.545+08:00] Uploading test info to server
[2026-09-03T16:45:38.545+08:00] UploadTestInfoToServer end
[2026-09-03T16:45:38.545+08:00] will get size
[2026-09-03T16:45:38.545+08:00] size: 1440x713
[2026-09-03T16:45:38.571+08:00] will get screenshot dimensions
[2026-09-03T16:45:38.572+08:00] screenshot dimensions 1440 x 713
[2026-09-03T16:45:38.572+08:00] calculated dpr: 1
[2026-09-03T16:45:38.572+08:00] shrunkShotToLogicalRatio 1
[2026-09-03T16:46:27.699+08:00] Getting interface description
[2026-09-03T16:46:27.699+08:00] Interface description end
[2026-09-03T16:46:27.699+08:00] Uploading test info to server
[2026-09-03T16:46:27.702+08:00] UploadTestInfoToServer end
[2026-09-03T16:46:27.702+08:00] will get size
[2026-09-03T16:46:27.703+08:00] size: 1440x713
[2026-09-03T16:46:27.737+08:00] will get screenshot dimensions
[2026-09-03T16:46:27.791+08:00] screenshot dimensions 1440 x 713
[2026-09-03T16:46:27.791+08:00] calculated dpr: 1
[2026-09-03T16:46:27.791+08:00] shrunkShotToLogicalRatio 1
[2026-09-03T16:46:31.058+08:00] Getting interface description
[2026-09-03T16:46:31.058+08:00] Interface description end
[2026-09-03T16:46:31.058+08:00] Uploading test info to server
[2026-09-03T16:46:31.058+08:00] UploadTestInfoToServer end
[2026-09-03T16:46:31.058+08:00] will get size
[2026-09-03T16:46:31.058+08:00] size: 1440x713
[2026-09-03T16:46:31.067+08:00] will get screenshot dimensions
[2026-09-03T16:46:31.068+08:00] screenshot dimensions 1440 x 713
[2026-09-03T16:46:31.068+08:00] calculated dpr: 1
[2026-09-03T16:46:31.068+08:00] shrunkShotToLogicalRatio 1
[2026-09-03T16:46:34.362+08:00] Getting interface description
[2026-09-03T16:46:34.362+08:00] Interface description end
[2026-09-03T16:46:34.362+08:00] Uploading test info to server
[2026-09-03T16:46:34.362+08:00] UploadTestInfoToServer end
[2026-09-03T16:46:34.362+08:00] will get size
[2026-09-03T16:46:34.362+08:00] size: 1440x713
[2026-09-03T16:46:34.385+08:00] will get screenshot dimensions
[2026-09-03T16:46:34.385+08:00] screenshot dimensions 1440 x 713
[2026-09-03T16:46:34.386+08:00] calculated dpr: 1
[2026-09-03T16:46:34.386+08:00] shrunkShotToLogicalRatio 1
[2026-09-03T16:46:35.600+08:00] Getting interface description
[2026-09-03T16:46:35.600+08:00] Interface description end
[2026-09-03T16:46:35.600+08:00] Uploading test info to server
[2026-09-03T16:46:35.601+08:00] UploadTestInfoToServer end
[2026-09-03T16:46:35.601+08:00] will get size
[2026-09-03T16:46:35.601+08:00] size: 1440x713
[2026-09-03T16:46:35.619+08:00] will get screenshot dimensions
[2026-09-03T16:46:35.620+08:00] screenshot dimensions 1440 x 713
[2026-09-03T16:46:35.620+08:00] calculated dpr: 1
[2026-09-03T16:46:35.620+08:00] shrunkShotToLogicalRatio 1
[2026-09-03T16:46:41.977+08:00] Getting interface description
[2026-09-03T16:46:41.977+08:00] Interface description end
[2026-09-03T16:46:41.977+08:00] Uploading test info to server
[2026-09-03T16:46:41.977+08:00] UploadTestInfoToServer end
[2026-09-03T16:46:41.977+08:00] will get size
[2026-09-03T16:46:41.977+08:00] size: 1440x713
[2026-09-03T16:46:42.002+08:00] will get screenshot dimensions
[2026-09-03T16:46:42.003+08:00] screenshot dimensions 1440 x 713
[2026-09-03T16:46:42.003+08:00] calculated dpr: 1
[2026-09-03T16:46:42.003+08:00] shrunkShotToLogicalRatio 1
[2026-09-03T17:35:59.934+08:00] Getting interface description
[2026-09-03T17:35:59.934+08:00] Interface description end
[2026-09-03T17:35:59.934+08:00] Uploading test info to server
[2026-09-03T17:35:59.941+08:00] UploadTestInfoToServer end
[2026-09-03T17:35:59.941+08:00] will get size
[2026-09-03T17:35:59.942+08:00] size: 1440x713
[2026-09-03T17:35:59.985+08:00] will get screenshot dimensions
[2026-09-03T17:36:00.208+08:00] screenshot dimensions 1440 x 713
[2026-09-03T17:36:00.208+08:00] calculated dpr: 1
[2026-09-03T17:36:00.209+08:00] shrunkShotToLogicalRatio 1
[2026-09-03T17:36:04.338+08:00] Getting interface description
[2026-09-03T17:36:04.338+08:00] Interface description end
[2026-09-03T17:36:04.338+08:00] Uploading test info to server
[2026-09-03T17:36:04.338+08:00] UploadTestInfoToServer end
[2026-09-03T17:36:04.338+08:00] will get size
[2026-09-03T17:36:04.338+08:00] size: 1440x713
[2026-09-03T17:36:04.363+08:00] will get screenshot dimensions
[2026-09-03T17:36:04.365+08:00] screenshot dimensions 1440 x 713
[2026-09-03T17:36:04.365+08:00] calculated dpr: 1
[2026-09-03T17:36:04.365+08:00] shrunkShotToLogicalRatio 1
[2026-09-03T17:36:06.849+08:00] Getting interface description
[2026-09-03T17:36:06.849+08:00] Interface description end
[2026-09-03T17:36:06.849+08:00] Uploading test info to server
[2026-09-03T17:36:06.849+08:00] UploadTestInfoToServer end
[2026-09-03T17:36:06.849+08:00] will get size
[2026-09-03T17:36:06.849+08:00] size: 1440x713
[2026-09-03T17:36:06.882+08:00] will get screenshot dimensions
[2026-09-03T17:36:06.884+08:00] screenshot dimensions 1440 x 713
[2026-09-03T17:36:06.884+08:00] calculated dpr: 1
[2026-09-03T17:36:06.884+08:00] shrunkShotToLogicalRatio 1
[2026-09-03T17:36:07.616+08:00] Getting interface description
[2026-09-03T17:36:07.616+08:00] Interface description end
[2026-09-03T17:36:07.616+08:00] Uploading test info to server
[2026-09-03T17:36:07.616+08:00] UploadTestInfoToServer end
[2026-09-03T17:36:07.616+08:00] will get size
[2026-09-03T17:36:07.616+08:00] size: 1440x713
[2026-09-03T17:36:07.644+08:00] will get screenshot dimensions
[2026-09-03T17:36:07.646+08:00] screenshot dimensions 1440 x 713
[2026-09-03T17:36:07.646+08:00] calculated dpr: 1
[2026-09-03T17:36:07.646+08:00] shrunkShotToLogicalRatio 1
[2026-09-03T17:36:13.512+08:00] Getting interface description
[2026-09-03T17:36:13.512+08:00] Interface description end
[2026-09-03T17:36:13.512+08:00] Uploading test info to server
[2026-09-03T17:36:13.512+08:00] UploadTestInfoToServer end
[2026-09-03T17:36:13.512+08:00] will get size
[2026-09-03T17:36:13.512+08:00] size: 1440x713
[2026-09-03T17:36:13.527+08:00] will get screenshot dimensions
[2026-09-03T17:36:13.528+08:00] screenshot dimensions 1440 x 713
[2026-09-03T17:36:13.528+08:00] calculated dpr: 1
[2026-09-03T17:36:13.528+08:00] shrunkShotToLogicalRatio 1
[2026-09-03T17:36:59.926+08:00] Getting interface description
[2026-09-03T17:36:59.926+08:00] Interface description end
[2026-09-03T17:36:59.926+08:00] Uploading test info to server
[2026-09-03T17:36:59.952+08:00] UploadTestInfoToServer end
[2026-09-03T17:36:59.952+08:00] will get size
[2026-09-03T17:36:59.953+08:00] size: 1440x713
[2026-09-03T17:36:59.977+08:00] will get screenshot dimensions
[2026-09-03T17:37:00.108+08:00] screenshot dimensions 1440 x 713
[2026-09-03T17:37:00.108+08:00] calculated dpr: 1
[2026-09-03T17:37:00.108+08:00] shrunkShotToLogicalRatio 1
[2026-09-03T17:37:05.538+08:00] Getting interface description
[2026-09-03T17:37:05.538+08:00] Interface description end
[2026-09-03T17:37:05.538+08:00] Uploading test info to server
[2026-09-03T17:37:05.538+08:00] UploadTestInfoToServer end
[2026-09-03T17:37:05.538+08:00] will get size
[2026-09-03T17:37:05.538+08:00] size: 1440x713
[2026-09-03T17:37:05.563+08:00] will get screenshot dimensions
[2026-09-03T17:37:05.564+08:00] screenshot dimensions 1440 x 713
[2026-09-03T17:37:05.564+08:00] calculated dpr: 1
[2026-09-03T17:37:05.564+08:00] shrunkShotToLogicalRatio 1
[2026-09-03T17:37:09.190+08:00] Getting interface description
[2026-09-03T17:37:09.191+08:00] Interface description end
[2026-09-03T17:37:09.191+08:00] Uploading test info to server
[2026-09-03T17:37:09.191+08:00] UploadTestInfoToServer end
[2026-09-03T17:37:09.191+08:00] will get size
[2026-09-03T17:37:09.192+08:00] size: 1440x713
[2026-09-03T17:37:09.229+08:00] will get screenshot dimensions
[2026-09-03T17:37:09.237+08:00] screenshot dimensions 1440 x 713
[2026-09-03T17:37:09.237+08:00] calculated dpr: 1
[2026-09-03T17:37:09.237+08:00] shrunkShotToLogicalRatio 1
[2026-09-03T17:37:10.456+08:00] Getting interface description
[2026-09-03T17:37:10.456+08:00] Interface description end
[2026-09-03T17:37:10.456+08:00] Uploading test info to server
[2026-09-03T17:37:10.456+08:00] UploadTestInfoToServer end
[2026-09-03T17:37:10.456+08:00] will get size
[2026-09-03T17:37:10.456+08:00] size: 1440x713
[2026-09-03T17:37:10.477+08:00] will get screenshot dimensions
[2026-09-03T17:37:10.478+08:00] screenshot dimensions 1440 x 713
[2026-09-03T17:37:10.478+08:00] calculated dpr: 1
[2026-09-03T17:37:10.478+08:00] shrunkShotToLogicalRatio 1
[2026-09-03T17:37:14.531+08:00] Getting interface description
[2026-09-03T17:37:14.531+08:00] Interface description end
[2026-09-03T17:37:14.531+08:00] Uploading test info to server
[2026-09-03T17:37:14.531+08:00] UploadTestInfoToServer end
[2026-09-03T17:37:14.531+08:00] will get size
[2026-09-03T17:37:14.531+08:00] size: 1440x713
[2026-09-03T17:37:14.557+08:00] will get screenshot dimensions
[2026-09-03T17:37:14.558+08:00] screenshot dimensions 1440 x 713
[2026-09-03T17:37:14.558+08:00] calculated dpr: 1
[2026-09-03T17:37:14.558+08:00] shrunkShotToLogicalRatio 1
[2026-09-03T17:37:17.686+08:00] Getting interface description
[2026-09-03T17:37:17.686+08:00] Interface description end
[2026-09-03T17:37:17.686+08:00] Uploading test info to server
[2026-09-03T17:37:17.686+08:00] UploadTestInfoToServer end
[2026-09-03T17:37:17.686+08:00] will get size
[2026-09-03T17:37:17.687+08:00] size: 1440x713
[2026-09-03T17:37:17.706+08:00] will get screenshot dimensions
[2026-09-03T17:37:17.707+08:00] screenshot dimensions 1440 x 713
[2026-09-03T17:37:17.707+08:00] calculated dpr: 1
[2026-09-03T17:37:17.707+08:00] shrunkShotToLogicalRatio 1
[2026-09-03T17:37:18.919+08:00] Getting interface description
[2026-09-03T17:37:18.919+08:00] Interface description end
[2026-09-03T17:37:18.919+08:00] Uploading test info to server
[2026-09-03T17:37:18.919+08:00] UploadTestInfoToServer end
[2026-09-03T17:37:18.919+08:00] will get size
[2026-09-03T17:37:18.919+08:00] size: 1440x713
[2026-09-03T17:37:18.940+08:00] will get screenshot dimensions
[2026-09-03T17:37:18.941+08:00] screenshot dimensions 1440 x 713
[2026-09-03T17:37:18.941+08:00] calculated dpr: 1
[2026-09-03T17:37:18.941+08:00] shrunkShotToLogicalRatio 1
[2026-09-03T17:37:23.074+08:00] Getting interface description
[2026-09-03T17:37:23.074+08:00] Interface description end
[2026-09-03T17:37:23.074+08:00] Uploading test info to server
[2026-09-03T17:37:23.074+08:00] UploadTestInfoToServer end
[2026-09-03T17:37:23.074+08:00] will get size
[2026-09-03T17:37:23.074+08:00] size: 1440x713
[2026-09-03T17:37:23.089+08:00] will get screenshot dimensions
[2026-09-03T17:37:23.090+08:00] screenshot dimensions 1440 x 713
[2026-09-03T17:37:23.090+08:00] calculated dpr: 1
[2026-09-03T17:37:23.090+08:00] shrunkShotToLogicalRatio 1
[2026-09-03T17:38:05.149+08:00] Getting interface description
[2026-09-03T17:38:05.149+08:00] Interface description end
[2026-09-03T17:38:05.149+08:00] Uploading test info to server
[2026-09-03T17:38:05.175+08:00] UploadTestInfoToServer end
[2026-09-03T17:38:05.175+08:00] will get size
[2026-09-03T17:38:05.177+08:00] size: 1440x713
[2026-09-03T17:38:05.211+08:00] will get screenshot dimensions
[2026-09-03T17:38:05.421+08:00] screenshot dimensions 1440 x 713
[2026-09-03T17:38:05.422+08:00] calculated dpr: 1
[2026-09-03T17:38:05.422+08:00] shrunkShotToLogicalRatio 1
[2026-09-03T17:38:09.246+08:00] Getting interface description
[2026-09-03T17:38:09.246+08:00] Interface description end
[2026-09-03T17:38:09.246+08:00] Uploading test info to server
[2026-09-03T17:38:09.246+08:00] UploadTestInfoToServer end
[2026-09-03T17:38:09.246+08:00] will get size
[2026-09-03T17:38:09.247+08:00] size: 1440x713
[2026-09-03T17:38:09.278+08:00] will get screenshot dimensions
[2026-09-03T17:38:09.280+08:00] screenshot dimensions 1440 x 713
[2026-09-03T17:38:09.280+08:00] calculated dpr: 1
[2026-09-03T17:38:09.280+08:00] shrunkShotToLogicalRatio 1
[2026-09-03T17:38:12.088+08:00] Getting interface description
[2026-09-03T17:38:12.089+08:00] Interface description end
[2026-09-03T17:38:12.089+08:00] Uploading test info to server
[2026-09-03T17:38:12.089+08:00] UploadTestInfoToServer end
[2026-09-03T17:38:12.089+08:00] will get size
[2026-09-03T17:38:12.089+08:00] size: 1440x713
[2026-09-03T17:38:12.127+08:00] will get screenshot dimensions
[2026-09-03T17:38:12.131+08:00] screenshot dimensions 1440 x 713
[2026-09-03T17:38:12.131+08:00] calculated dpr: 1
[2026-09-03T17:38:12.131+08:00] shrunkShotToLogicalRatio 1
[2026-09-03T17:38:13.900+08:00] Getting interface description
[2026-09-03T17:38:13.900+08:00] Interface description end
[2026-09-03T17:38:13.900+08:00] Uploading test info to server
[2026-09-03T17:38:13.900+08:00] UploadTestInfoToServer end
[2026-09-03T17:38:13.900+08:00] will get size
[2026-09-03T17:38:13.900+08:00] size: 1440x713
[2026-09-03T17:38:13.926+08:00] will get screenshot dimensions
[2026-09-03T17:38:13.927+08:00] screenshot dimensions 1440 x 713
[2026-09-03T17:38:13.927+08:00] calculated dpr: 1
[2026-09-03T17:38:13.927+08:00] shrunkShotToLogicalRatio 1
[2026-09-03T17:38:16.974+08:00] Getting interface description
[2026-09-03T17:38:16.975+08:00] Interface description end
[2026-09-03T17:38:16.975+08:00] Uploading test info to server
[2026-09-03T17:38:16.975+08:00] UploadTestInfoToServer end
[2026-09-03T17:38:16.975+08:00] will get size
[2026-09-03T17:38:16.975+08:00] size: 1440x713
[2026-09-03T17:38:17.014+08:00] will get screenshot dimensions
[2026-09-03T17:38:17.019+08:00] screenshot dimensions 1440 x 713
[2026-09-03T17:38:17.019+08:00] calculated dpr: 1
[2026-09-03T17:38:17.019+08:00] shrunkShotToLogicalRatio 1
[2026-09-03T17:38:21.243+08:00] Getting interface description
[2026-09-03T17:38:21.243+08:00] Interface description end
[2026-09-03T17:38:21.243+08:00] Uploading test info to server
[2026-09-03T17:38:21.262+08:00] UploadTestInfoToServer end
[2026-09-03T17:38:21.262+08:00] will get size
[2026-09-03T17:38:21.264+08:00] size: 1440x713
[2026-09-03T17:38:21.316+08:00] will get screenshot dimensions
[2026-09-03T17:38:21.369+08:00] screenshot dimensions 1440 x 713
[2026-09-03T17:38:21.369+08:00] calculated dpr: 1
[2026-09-03T17:38:21.369+08:00] shrunkShotToLogicalRatio 1
[2026-09-03T17:38:25.092+08:00] Getting interface description
[2026-09-03T17:38:25.092+08:00] Interface description end
[2026-09-03T17:38:25.092+08:00] Uploading test info to server
[2026-09-03T17:38:25.092+08:00] UploadTestInfoToServer end
[2026-09-03T17:38:25.092+08:00] will get size
[2026-09-03T17:38:25.093+08:00] size: 1440x713
[2026-09-03T17:38:25.128+08:00] will get screenshot dimensions
[2026-09-03T17:38:25.130+08:00] screenshot dimensions 1440 x 713
[2026-09-03T17:38:25.130+08:00] calculated dpr: 1
[2026-09-03T17:38:25.130+08:00] shrunkShotToLogicalRatio 1
[2026-09-03T17:38:27.887+08:00] Getting interface description
[2026-09-03T17:38:27.887+08:00] Interface description end
[2026-09-03T17:38:27.887+08:00] Uploading test info to server
[2026-09-03T17:38:27.887+08:00] UploadTestInfoToServer end
[2026-09-03T17:38:27.887+08:00] will get size
[2026-09-03T17:38:27.887+08:00] size: 1440x713
[2026-09-03T17:38:27.926+08:00] will get screenshot dimensions
[2026-09-03T17:38:27.929+08:00] screenshot dimensions 1440 x 713
[2026-09-03T17:38:27.929+08:00] calculated dpr: 1
[2026-09-03T17:38:27.929+08:00] shrunkShotToLogicalRatio 1
[2026-09-03T17:38:28.651+08:00] Getting interface description
[2026-09-03T17:38:28.651+08:00] Interface description end
[2026-09-03T17:38:28.651+08:00] Uploading test info to server
[2026-09-03T17:38:28.651+08:00] UploadTestInfoToServer end
[2026-09-03T17:38:28.651+08:00] will get size
[2026-09-03T17:38:28.651+08:00] size: 1440x713
[2026-09-03T17:38:28.671+08:00] will get screenshot dimensions
[2026-09-03T17:38:28.673+08:00] screenshot dimensions 1440 x 713
[2026-09-03T17:38:28.673+08:00] calculated dpr: 1
[2026-09-03T17:38:28.673+08:00] shrunkShotToLogicalRatio 1
[2026-09-03T17:38:34.201+08:00] Getting interface description
[2026-09-03T17:38:34.201+08:00] Interface description end
[2026-09-03T17:38:34.201+08:00] Uploading test info to server
[2026-09-03T17:38:34.201+08:00] UploadTestInfoToServer end
[2026-09-03T17:38:34.201+08:00] will get size
[2026-09-03T17:38:34.201+08:00] size: 1440x713
[2026-09-03T17:38:34.223+08:00] will get screenshot dimensions
[2026-09-03T17:38:34.226+08:00] screenshot dimensions 1440 x 713
[2026-09-03T17:38:34.226+08:00] calculated dpr: 1
[2026-09-03T17:38:34.227+08:00] shrunkShotToLogicalRatio 1
[2026-09-03T18:41:29.625+08:00] Getting interface description
[2026-09-03T18:41:29.625+08:00] Interface description end
[2026-09-03T18:41:29.625+08:00] Uploading test info to server
[2026-09-03T18:41:29.632+08:00] UploadTestInfoToServer end
[2026-09-03T18:41:29.632+08:00] will get size
[2026-09-03T18:41:29.634+08:00] size: 1440x713
[2026-09-03T18:41:29.686+08:00] will get screenshot dimensions
[2026-09-03T18:41:29.901+08:00] screenshot dimensions 1440 x 713
[2026-09-03T18:41:29.902+08:00] calculated dpr: 1
[2026-09-03T18:41:29.902+08:00] shrunkShotToLogicalRatio 1
[2026-09-03T18:41:33.273+08:00] Getting interface description
[2026-09-03T18:41:33.273+08:00] Interface description end
[2026-09-03T18:41:33.273+08:00] Uploading test info to server
[2026-09-03T18:41:33.273+08:00] UploadTestInfoToServer end
[2026-09-03T18:41:33.273+08:00] will get size
[2026-09-03T18:41:33.273+08:00] size: 1440x713
[2026-09-03T18:41:33.303+08:00] will get screenshot dimensions
[2026-09-03T18:41:33.305+08:00] screenshot dimensions 1440 x 713
[2026-09-03T18:41:33.305+08:00] calculated dpr: 1
[2026-09-03T18:41:33.305+08:00] shrunkShotToLogicalRatio 1
[2026-09-03T18:41:36.211+08:00] Getting interface description
[2026-09-03T18:41:36.211+08:00] Interface description end
[2026-09-03T18:41:36.211+08:00] Uploading test info to server
[2026-09-03T18:41:36.211+08:00] UploadTestInfoToServer end
[2026-09-03T18:41:36.211+08:00] will get size
[2026-09-03T18:41:36.211+08:00] size: 1440x713
[2026-09-03T18:41:36.239+08:00] will get screenshot dimensions
[2026-09-03T18:41:36.241+08:00] screenshot dimensions 1440 x 713
[2026-09-03T18:41:36.241+08:00] calculated dpr: 1
[2026-09-03T18:41:36.241+08:00] shrunkShotToLogicalRatio 1
[2026-09-03T18:41:37.000+08:00] Getting interface description
[2026-09-03T18:41:37.000+08:00] Interface description end
[2026-09-03T18:41:37.000+08:00] Uploading test info to server
[2026-09-03T18:41:37.000+08:00] UploadTestInfoToServer end
[2026-09-03T18:41:37.000+08:00] will get size
[2026-09-03T18:41:37.000+08:00] size: 1440x713
[2026-09-03T18:41:37.019+08:00] will get screenshot dimensions
[2026-09-03T18:41:37.020+08:00] screenshot dimensions 1440 x 713
[2026-09-03T18:41:37.020+08:00] calculated dpr: 1
[2026-09-03T18:41:37.020+08:00] shrunkShotToLogicalRatio 1
[2026-09-03T18:41:40.449+08:00] Getting interface description
[2026-09-03T18:41:40.449+08:00] Interface description end
[2026-09-03T18:41:40.449+08:00] Uploading test info to server
[2026-09-03T18:41:40.449+08:00] UploadTestInfoToServer end
[2026-09-03T18:41:40.449+08:00] will get size
[2026-09-03T18:41:40.450+08:00] size: 1440x713
[2026-09-03T18:41:40.468+08:00] will get screenshot dimensions
[2026-09-03T18:41:40.469+08:00] screenshot dimensions 1440 x 713
[2026-09-03T18:41:40.470+08:00] calculated dpr: 1
[2026-09-03T18:41:40.470+08:00] shrunkShotToLogicalRatio 1
[2026-09-03T18:41:43.071+08:00] Getting interface description
[2026-09-03T18:41:43.071+08:00] Interface description end
[2026-09-03T18:41:43.071+08:00] Uploading test info to server
[2026-09-03T18:41:43.071+08:00] UploadTestInfoToServer end
[2026-09-03T18:41:43.071+08:00] will get size
[2026-09-03T18:41:43.071+08:00] size: 1440x713
[2026-09-03T18:41:43.084+08:00] will get screenshot dimensions
[2026-09-03T18:41:43.085+08:00] screenshot dimensions 1440 x 713
[2026-09-03T18:41:43.085+08:00] calculated dpr: 1
[2026-09-03T18:41:43.085+08:00] shrunkShotToLogicalRatio 1
[2026-09-03T18:41:44.297+08:00] Getting interface description
[2026-09-03T18:41:44.297+08:00] Interface description end
[2026-09-03T18:41:44.297+08:00] Uploading test info to server
[2026-09-03T18:41:44.297+08:00] UploadTestInfoToServer end
[2026-09-03T18:41:44.297+08:00] will get size
[2026-09-03T18:41:44.297+08:00] size: 1440x713
[2026-09-03T18:41:44.319+08:00] will get screenshot dimensions
[2026-09-03T18:41:44.321+08:00] screenshot dimensions 1440 x 713
[2026-09-03T18:41:44.321+08:00] calculated dpr: 1
[2026-09-03T18:41:44.321+08:00] shrunkShotToLogicalRatio 1
[2026-09-03T18:41:47.921+08:00] Getting interface description
[2026-09-03T18:41:47.921+08:00] Interface description end
[2026-09-03T18:41:47.921+08:00] Uploading test info to server
[2026-09-03T18:41:47.921+08:00] UploadTestInfoToServer end
[2026-09-03T18:41:47.921+08:00] will get size
[2026-09-03T18:41:47.921+08:00] size: 1440x713
[2026-09-03T18:41:47.933+08:00] will get screenshot dimensions
[2026-09-03T18:41:47.934+08:00] screenshot dimensions 1440 x 713
[2026-09-03T18:41:47.934+08:00] calculated dpr: 1
[2026-09-03T18:41:47.934+08:00] shrunkShotToLogicalRatio 1
[2026-09-03T18:41:50.653+08:00] Getting interface description
[2026-09-03T18:41:50.653+08:00] Interface description end
[2026-09-03T18:41:50.653+08:00] Uploading test info to server
[2026-09-03T18:41:50.653+08:00] UploadTestInfoToServer end
[2026-09-03T18:41:50.653+08:00] will get size
[2026-09-03T18:41:50.653+08:00] size: 1440x713
[2026-09-03T18:41:50.671+08:00] will get screenshot dimensions
[2026-09-03T18:41:50.673+08:00] screenshot dimensions 1440 x 713
[2026-09-03T18:41:50.673+08:00] calculated dpr: 1
[2026-09-03T18:41:50.673+08:00] shrunkShotToLogicalRatio 1
[2026-09-03T18:41:51.897+08:00] Getting interface description
[2026-09-03T18:41:51.897+08:00] Interface description end
[2026-09-03T18:41:51.897+08:00] Uploading test info to server
[2026-09-03T18:41:51.897+08:00] UploadTestInfoToServer end
[2026-09-03T18:41:51.897+08:00] will get size
[2026-09-03T18:41:51.897+08:00] size: 1440x713
[2026-09-03T18:41:51.917+08:00] will get screenshot dimensions
[2026-09-03T18:41:51.918+08:00] screenshot dimensions 1440 x 713
[2026-09-03T18:41:51.918+08:00] calculated dpr: 1
[2026-09-03T18:41:51.918+08:00] shrunkShotToLogicalRatio 1
[2026-09-03T18:41:56.823+08:00] Getting interface description
[2026-09-03T18:41:56.823+08:00] Interface description end
[2026-09-03T18:41:56.823+08:00] Uploading test info to server
[2026-09-03T18:41:56.823+08:00] UploadTestInfoToServer end
[2026-09-03T18:41:56.823+08:00] will get size
[2026-09-03T18:41:56.823+08:00] size: 1440x713
[2026-09-03T18:41:56.850+08:00] will get screenshot dimensions
[2026-09-03T18:41:56.851+08:00] screenshot dimensions 1440 x 713
[2026-09-03T18:41:56.851+08:00] calculated dpr: 1
[2026-09-03T18:41:56.851+08:00] shrunkShotToLogicalRatio 1
[2026-09-03T18:42:32.373+08:00] Getting interface description
[2026-09-03T18:42:32.373+08:00] Interface description end
[2026-09-03T18:42:32.373+08:00] Uploading test info to server
[2026-09-03T18:42:32.377+08:00] UploadTestInfoToServer end
[2026-09-03T18:42:32.377+08:00] will get size
[2026-09-03T18:42:32.378+08:00] size: 1440x713
[2026-09-03T18:42:32.408+08:00] will get screenshot dimensions
[2026-09-03T18:42:32.490+08:00] screenshot dimensions 1440 x 713
[2026-09-03T18:42:32.490+08:00] calculated dpr: 1
[2026-09-03T18:42:32.490+08:00] shrunkShotToLogicalRatio 1
[2026-09-03T18:42:37.123+08:00] Getting interface description
[2026-09-03T18:42:37.123+08:00] Interface description end
[2026-09-03T18:42:37.123+08:00] Uploading test info to server
[2026-09-03T18:42:37.123+08:00] UploadTestInfoToServer end
[2026-09-03T18:42:37.123+08:00] will get size
[2026-09-03T18:42:37.123+08:00] size: 1440x713
[2026-09-03T18:42:37.149+08:00] will get screenshot dimensions
[2026-09-03T18:42:37.150+08:00] screenshot dimensions 1440 x 713
[2026-09-03T18:42:37.150+08:00] calculated dpr: 1
[2026-09-03T18:42:37.150+08:00] shrunkShotToLogicalRatio 1
[2026-09-03T18:42:40.650+08:00] Getting interface description
[2026-09-03T18:42:40.650+08:00] Interface description end
[2026-09-03T18:42:40.650+08:00] Uploading test info to server
[2026-09-03T18:42:40.650+08:00] UploadTestInfoToServer end
[2026-09-03T18:42:40.650+08:00] will get size
[2026-09-03T18:42:40.650+08:00] size: 1440x713
[2026-09-03T18:42:40.664+08:00] will get screenshot dimensions
[2026-09-03T18:42:40.665+08:00] screenshot dimensions 1440 x 713
[2026-09-03T18:42:40.665+08:00] calculated dpr: 1
[2026-09-03T18:42:40.665+08:00] shrunkShotToLogicalRatio 1
[2026-09-03T18:42:41.876+08:00] Getting interface description
[2026-09-03T18:42:41.876+08:00] Interface description end
[2026-09-03T18:42:41.876+08:00] Uploading test info to server
[2026-09-03T18:42:41.876+08:00] UploadTestInfoToServer end
[2026-09-03T18:42:41.876+08:00] will get size
[2026-09-03T18:42:41.876+08:00] size: 1440x713
[2026-09-03T18:42:41.900+08:00] will get screenshot dimensions
[2026-09-03T18:42:41.901+08:00] screenshot dimensions 1440 x 713
[2026-09-03T18:42:41.901+08:00] calculated dpr: 1
[2026-09-03T18:42:41.901+08:00] shrunkShotToLogicalRatio 1
[2026-09-03T18:42:45.398+08:00] Getting interface description
[2026-09-03T18:42:45.398+08:00] Interface description end
[2026-09-03T18:42:45.398+08:00] Uploading test info to server
[2026-09-03T18:42:45.398+08:00] UploadTestInfoToServer end
[2026-09-03T18:42:45.398+08:00] will get size
[2026-09-03T18:42:45.398+08:00] size: 1440x713
[2026-09-03T18:42:45.414+08:00] will get screenshot dimensions
[2026-09-03T18:42:45.415+08:00] screenshot dimensions 1440 x 713
[2026-09-03T18:42:45.415+08:00] calculated dpr: 1
[2026-09-03T18:42:45.415+08:00] shrunkShotToLogicalRatio 1
[2026-09-03T18:44:20.450+08:00] Getting interface description
[2026-09-03T18:44:20.450+08:00] Interface description end
[2026-09-03T18:44:20.450+08:00] Uploading test info to server
[2026-09-03T18:44:20.456+08:00] UploadTestInfoToServer end
[2026-09-03T18:44:20.457+08:00] will get size
[2026-09-03T18:44:20.458+08:00] size: 1440x713
[2026-09-03T18:44:20.500+08:00] will get screenshot dimensions
[2026-09-03T18:44:20.724+08:00] screenshot dimensions 1440 x 713
[2026-09-03T18:44:20.724+08:00] calculated dpr: 1
[2026-09-03T18:44:20.724+08:00] shrunkShotToLogicalRatio 1
[2026-09-03T18:44:24.553+08:00] Getting interface description
[2026-09-03T18:44:24.554+08:00] Interface description end
[2026-09-03T18:44:24.554+08:00] Uploading test info to server
[2026-09-03T18:44:24.554+08:00] UploadTestInfoToServer end
[2026-09-03T18:44:24.554+08:00] will get size
[2026-09-03T18:44:24.554+08:00] size: 1440x713
[2026-09-03T18:44:24.581+08:00] will get screenshot dimensions
[2026-09-03T18:44:24.583+08:00] screenshot dimensions 1440 x 713
[2026-09-03T18:44:24.583+08:00] calculated dpr: 1
[2026-09-03T18:44:24.583+08:00] shrunkShotToLogicalRatio 1
[2026-09-03T18:44:28.022+08:00] Getting interface description
[2026-09-03T18:44:28.022+08:00] Interface description end
[2026-09-03T18:44:28.022+08:00] Uploading test info to server
[2026-09-03T18:44:28.022+08:00] UploadTestInfoToServer end
[2026-09-03T18:44:28.022+08:00] will get size
[2026-09-03T18:44:28.022+08:00] size: 1440x713
[2026-09-03T18:44:28.066+08:00] will get screenshot dimensions
[2026-09-03T18:44:28.069+08:00] screenshot dimensions 1440 x 713
[2026-09-03T18:44:28.069+08:00] calculated dpr: 1
[2026-09-03T18:44:28.069+08:00] shrunkShotToLogicalRatio 1
[2026-09-03T18:44:28.828+08:00] Getting interface description
[2026-09-03T18:44:28.828+08:00] Interface description end
[2026-09-03T18:44:28.828+08:00] Uploading test info to server
[2026-09-03T18:44:28.828+08:00] UploadTestInfoToServer end
[2026-09-03T18:44:28.828+08:00] will get size
[2026-09-03T18:44:28.828+08:00] size: 1440x713
[2026-09-03T18:44:28.843+08:00] will get screenshot dimensions
[2026-09-03T18:44:28.844+08:00] screenshot dimensions 1440 x 713
[2026-09-03T18:44:28.844+08:00] calculated dpr: 1
[2026-09-03T18:44:28.844+08:00] shrunkShotToLogicalRatio 1
[2026-09-03T18:44:33.717+08:00] Getting interface description
[2026-09-03T18:44:33.717+08:00] Interface description end
[2026-09-03T18:44:33.717+08:00] Uploading test info to server
[2026-09-03T18:44:33.717+08:00] UploadTestInfoToServer end
[2026-09-03T18:44:33.717+08:00] will get size
[2026-09-03T18:44:33.717+08:00] size: 1440x713
[2026-09-03T18:44:33.744+08:00] will get screenshot dimensions
[2026-09-03T18:44:33.746+08:00] screenshot dimensions 1440 x 713
[2026-09-03T18:44:33.746+08:00] calculated dpr: 1
[2026-09-03T18:44:33.746+08:00] shrunkShotToLogicalRatio 1
[2026-09-03T18:44:36.572+08:00] Getting interface description
[2026-09-03T18:44:36.572+08:00] Interface description end
[2026-09-03T18:44:36.572+08:00] Uploading test info to server
[2026-09-03T18:44:36.572+08:00] UploadTestInfoToServer end
[2026-09-03T18:44:36.572+08:00] will get size
[2026-09-03T18:44:36.572+08:00] size: 1440x713
[2026-09-03T18:44:36.595+08:00] will get screenshot dimensions
[2026-09-03T18:44:36.596+08:00] screenshot dimensions 1440 x 713
[2026-09-03T18:44:36.596+08:00] calculated dpr: 1
[2026-09-03T18:44:36.596+08:00] shrunkShotToLogicalRatio 1
[2026-09-03T18:44:37.825+08:00] Getting interface description
[2026-09-03T18:44:37.825+08:00] Interface description end
[2026-09-03T18:44:37.825+08:00] Uploading test info to server
[2026-09-03T18:44:37.825+08:00] UploadTestInfoToServer end
[2026-09-03T18:44:37.825+08:00] will get size
[2026-09-03T18:44:37.825+08:00] size: 1440x713
[2026-09-03T18:44:37.847+08:00] will get screenshot dimensions
[2026-09-03T18:44:37.848+08:00] screenshot dimensions 1440 x 713
[2026-09-03T18:44:37.848+08:00] calculated dpr: 1
[2026-09-03T18:44:37.848+08:00] shrunkShotToLogicalRatio 1
[2026-09-03T18:44:41.618+08:00] Getting interface description
[2026-09-03T18:44:41.618+08:00] Interface description end
[2026-09-03T18:44:41.618+08:00] Uploading test info to server
[2026-09-03T18:44:41.618+08:00] UploadTestInfoToServer end
[2026-09-03T18:44:41.618+08:00] will get size
[2026-09-03T18:44:41.618+08:00] size: 1440x713
[2026-09-03T18:44:41.644+08:00] will get screenshot dimensions
[2026-09-03T18:44:41.645+08:00] screenshot dimensions 1440 x 713
[2026-09-03T18:44:41.645+08:00] calculated dpr: 1
[2026-09-03T18:44:41.645+08:00] shrunkShotToLogicalRatio 1
[2026-09-03T18:44:45.019+08:00] Getting interface description
[2026-09-03T18:44:45.019+08:00] Interface description end
[2026-09-03T18:44:45.019+08:00] Uploading test info to server
[2026-09-03T18:44:45.019+08:00] UploadTestInfoToServer end
[2026-09-03T18:44:45.019+08:00] will get size
[2026-09-03T18:44:45.019+08:00] size: 1440x713
[2026-09-03T18:44:45.044+08:00] will get screenshot dimensions
[2026-09-03T18:44:45.045+08:00] screenshot dimensions 1440 x 713
[2026-09-03T18:44:45.046+08:00] calculated dpr: 1
[2026-09-03T18:44:45.046+08:00] shrunkShotToLogicalRatio 1
[2026-09-03T18:44:46.255+08:00] Getting interface description
[2026-09-03T18:44:46.255+08:00] Interface description end
[2026-09-03T18:44:46.255+08:00] Uploading test info to server
[2026-09-03T18:44:46.255+08:00] UploadTestInfoToServer end
[2026-09-03T18:44:46.255+08:00] will get size
[2026-09-03T18:44:46.255+08:00] size: 1440x713
[2026-09-03T18:44:46.276+08:00] will get screenshot dimensions
[2026-09-03T18:44:46.277+08:00] screenshot dimensions 1440 x 713
[2026-09-03T18:44:46.277+08:00] calculated dpr: 1
[2026-09-03T18:44:46.277+08:00] shrunkShotToLogicalRatio 1
[2026-09-03T18:44:52.620+08:00] Getting interface description
[2026-09-03T18:44:52.620+08:00] Interface description end
[2026-09-03T18:44:52.620+08:00] Uploading test info to server
[2026-09-03T18:44:52.620+08:00] UploadTestInfoToServer end
[2026-09-03T18:44:52.620+08:00] will get size
[2026-09-03T18:44:52.620+08:00] size: 1440x713
[2026-09-03T18:44:52.644+08:00] will get screenshot dimensions
[2026-09-03T18:44:52.645+08:00] screenshot dimensions 1440 x 713
[2026-09-03T18:44:52.645+08:00] calculated dpr: 1
[2026-09-03T18:44:52.645+08:00] shrunkShotToLogicalRatio 1
[2026-09-03T18:44:55.620+08:00] Getting interface description
[2026-09-03T18:44:55.620+08:00] Interface description end
[2026-09-03T18:44:55.620+08:00] Uploading test info to server
[2026-09-03T18:44:55.620+08:00] UploadTestInfoToServer end
[2026-09-03T18:44:55.620+08:00] will get size
[2026-09-03T18:44:55.620+08:00] size: 1440x713
[2026-09-03T18:44:55.645+08:00] will get screenshot dimensions
[2026-09-03T18:44:55.646+08:00] screenshot dimensions 1440 x 713
[2026-09-03T18:44:55.646+08:00] calculated dpr: 1
[2026-09-03T18:44:55.646+08:00] shrunkShotToLogicalRatio 1
[2026-09-03T18:44:56.356+08:00] Getting interface description
[2026-09-03T18:44:56.356+08:00] Interface description end
[2026-09-03T18:44:56.356+08:00] Uploading test info to server
[2026-09-03T18:44:56.356+08:00] UploadTestInfoToServer end
[2026-09-03T18:44:56.356+08:00] will get size
[2026-09-03T18:44:56.356+08:00] size: 1440x713
[2026-09-03T18:44:56.376+08:00] will get screenshot dimensions
[2026-09-03T18:44:56.377+08:00] screenshot dimensions 1440 x 713
[2026-09-03T18:44:56.377+08:00] calculated dpr: 1
[2026-09-03T18:44:56.377+08:00] shrunkShotToLogicalRatio 1
[2026-09-03T18:44:59.978+08:00] Getting interface description
[2026-09-03T18:44:59.978+08:00] Interface description end
[2026-09-03T18:44:59.978+08:00] Uploading test info to server
[2026-09-03T18:44:59.978+08:00] UploadTestInfoToServer end
[2026-09-03T18:44:59.978+08:00] will get size
[2026-09-03T18:44:59.978+08:00] size: 1440x713
[2026-09-03T18:44:59.992+08:00] will get screenshot dimensions
[2026-09-03T18:44:59.993+08:00] screenshot dimensions 1440 x 713
[2026-09-03T18:44:59.993+08:00] calculated dpr: 1
[2026-09-03T18:44:59.993+08:00] shrunkShotToLogicalRatio 1
[2026-09-03T18:45:33.704+08:00] Getting interface description
[2026-09-03T18:45:33.704+08:00] Interface description end
[2026-09-03T18:45:33.704+08:00] Uploading test info to server
[2026-09-03T18:45:33.708+08:00] UploadTestInfoToServer end
[2026-09-03T18:45:33.708+08:00] will get size
[2026-09-03T18:45:33.709+08:00] size: 1440x713
[2026-09-03T18:45:33.726+08:00] will get screenshot dimensions
[2026-09-03T18:45:33.809+08:00] screenshot dimensions 1440 x 713
[2026-09-03T18:45:33.809+08:00] calculated dpr: 1
[2026-09-03T18:45:33.809+08:00] shrunkShotToLogicalRatio 1
[2026-09-03T18:45:37.400+08:00] Getting interface description
[2026-09-03T18:45:37.400+08:00] Interface description end
[2026-09-03T18:45:37.400+08:00] Uploading test info to server
[2026-09-03T18:45:37.400+08:00] UploadTestInfoToServer end
[2026-09-03T18:45:37.400+08:00] will get size
[2026-09-03T18:45:37.400+08:00] size: 1440x713
[2026-09-03T18:45:37.424+08:00] will get screenshot dimensions
[2026-09-03T18:45:37.426+08:00] screenshot dimensions 1440 x 713
[2026-09-03T18:45:37.426+08:00] calculated dpr: 1
[2026-09-03T18:45:37.426+08:00] shrunkShotToLogicalRatio 1
[2026-09-03T18:45:41.286+08:00] Getting interface description
[2026-09-03T18:45:41.286+08:00] Interface description end
[2026-09-03T18:45:41.286+08:00] Uploading test info to server
[2026-09-03T18:45:41.286+08:00] UploadTestInfoToServer end
[2026-09-03T18:45:41.286+08:00] will get size
[2026-09-03T18:45:41.286+08:00] size: 1440x713
[2026-09-03T18:45:41.308+08:00] will get screenshot dimensions
[2026-09-03T18:45:41.309+08:00] screenshot dimensions 1440 x 713
[2026-09-03T18:45:41.309+08:00] calculated dpr: 1
[2026-09-03T18:45:41.309+08:00] shrunkShotToLogicalRatio 1
[2026-09-03T18:45:42.523+08:00] Getting interface description
[2026-09-03T18:45:42.523+08:00] Interface description end
[2026-09-03T18:45:42.523+08:00] Uploading test info to server
[2026-09-03T18:45:42.523+08:00] UploadTestInfoToServer end
[2026-09-03T18:45:42.523+08:00] will get size
[2026-09-03T18:45:42.523+08:00] size: 1440x713
[2026-09-03T18:45:42.542+08:00] will get screenshot dimensions
[2026-09-03T18:45:42.543+08:00] screenshot dimensions 1440 x 713
[2026-09-03T18:45:42.543+08:00] calculated dpr: 1
[2026-09-03T18:45:42.543+08:00] shrunkShotToLogicalRatio 1
[2026-09-03T18:45:45.964+08:00] Getting interface description
[2026-09-03T18:45:45.964+08:00] Interface description end
[2026-09-03T18:45:45.964+08:00] Uploading test info to server
[2026-09-03T18:45:45.964+08:00] UploadTestInfoToServer end
[2026-09-03T18:45:45.964+08:00] will get size
[2026-09-03T18:45:45.964+08:00] size: 1440x713
[2026-09-03T18:45:45.990+08:00] will get screenshot dimensions
[2026-09-03T18:45:45.991+08:00] screenshot dimensions 1440 x 713
[2026-09-03T18:45:45.991+08:00] calculated dpr: 1
[2026-09-03T18:45:45.991+08:00] shrunkShotToLogicalRatio 1
